Estimate,Est.Error,Q25,Q75,iso3c,country,gdpcap,hcecap,study_pop,hce_prop_gdp,outcome
1681.5551850992376,4813.348312423612,200.83882645385492,1526.1001690671305,AFG,Afghanistan,379.707497269884,80.6516037,adult,0.2124045595093304,hospitalisation
1240.0480552117112,1204.79623127899,479.54280272802987,1571.256296544731,ALB,Albania,5419.63779125273,414.35025024,adult,0.07645349490122004,hospitalisation
904.196053399738,1278.4509453858188,243.6651529600932,1067.162292205738,DZA,Algeria,4660.40545686886,179.69688416,adult,0.038558208255281536,hospitalisation
6365.562341513612,8430.917602987687,1906.488429658867,7514.46276777265,AND,Andorra,40227.2335282714,3192.31567383,adult,0.07935707713001106,hospitalisation
529.1976482532395,641.0901445147958,166.9247477913989,654.302510202834,AGO,Angola,2332.88691268977,101.25614166,adult,0.043403793432598835,hospitalisation
3053.3201118413763,4906.229589352831,822.1573345151239,3492.8049472464413,ATG,Antigua and Barbuda,18090.7735177058,1084.88330078,adult,0.05996887306771063,hospitalisation
3043.178121152406,2713.4403886729037,1284.7982751160719,3915.95124636046,ARG,Argentina,12933.2497342121,1370.88464355,adult,0.1059969204741808,hospitalisation
2056.3303537755346,1727.8813029811265,887.1459817554609,2703.1899985260243,ARM,Armenia,5151.01273118105,674.78619385,adult,0.1310006845382581,hospitalisation
10322.175308157706,10635.131147467666,3735.6201278673166,13016.19550945067,AUS,Australia,61583.9188935304,6730.99511719,adult,0.10929793423550892,hospitalisation
9774.071659326797,8691.824184303767,4005.1857791247567,12740.62202616665,AUT,Austria,46338.9571249412,5851.96240234,adult,0.1262860186206106,hospitalisation
1115.9834685549633,1488.9531398294998,348.3349184815343,1331.0673438860383,AZE,Azerbaijan,5651.34563872949,304.20162964,adult,0.05382817634710965,hospitalisation
4940.776166214252,7206.43678362766,1468.1747653844395,5889.678716509488,BHS,"Bahamas, The",31053.8006388734,2341.32348633,adult,0.07539571447493329,hospitalisation
3768.0609012680056,7274.394036131412,802.7542049819793,3977.1308899516494,BHR,Bahrain,25076.6545031009,1110.67590332,adult,0.044291231239903125,hospitalisation
418.9985757490555,562.2911552276898,126.57863974152275,498.61010560533987,BGD,Bangladesh,1885.37733613545,61.09237671,adult,0.032403262487086026,hospitalisation
3359.6715550507442,4868.459654148803,953.5815536003827,3936.881667022234,BRB,Barbados,19734.2380260921,1302.0592041,adult,0.06597970503743042,hospitalisation
1463.0830089795384,1347.2856488136083,568.7348601138176,1865.7503297372648,BLR,Belarus,6482.80295076287,529.01873779,adult,0.08160339621733331,hospitalisation
8852.144704228347,8153.062996733349,3570.4643434372188,11408.457303900395,BEL,Belgium,44731.0420983801,5404.62402344,adult,0.12082490748937245,hospitalisation
1175.9013062114832,1595.709014130829,338.65489423192366,1429.108506404214,BLZ,Belize,6212.26051785042,297.4163208,adult,0.04787569998801541,hospitalisation
291.8670690358334,405.98519021874694,86.65991240040731,346.9633381299221,BEN,Benin,1263.62565116943,33.88216782,adult,0.02681345364320797,hospitalisation
983.9556690818739,821.1545142385504,427.47345753097335,1289.8739208338543,BOL,Bolivia,3226.08755673382,307.13800049,adult,0.09520448378684272,hospitalisation
1796.197407474732,1521.2879930617596,746.3695254863144,2364.3332635905253,BIH,Bosnia and Herzegovina,6507.01987550791,667.29681396,adult,0.10255029594602455,hospitalisation
1456.3615722327268,1720.160130108682,493.030929224731,1802.7482101903263,BWA,Botswana,7235.92910677284,477.83258057,adult,0.06603610587101358,hospitalisation
2106.933529232333,1960.782610881174,827.6341889525521,2687.7210013813014,BRA,Brazil,9258.05329063487,848.57122803,adult,0.09165763053971461,hospitalisation
4282.288029758854,10970.423393827521,649.7743729687611,4135.683851241945,BRN,Brunei Darussalam,28725.115657314,665.86773682,adult,0.023180680793898092,hospitalisation
2411.0001390464545,2151.981108827821,1022.635493591179,3169.373540132905,BGR,Bulgaria,9819.57352949265,1011.09472656,adult,0.10296727485396613,hospitalisation
277.156970395575,224.26572724231207,125.48852191771284,361.99008623439227,BFA,Burkina Faso,744.165760639938,56.75708389,adult,0.07626941051573283,hospitalisation
158.29468799854607,125.51084774610393,68.71405121919011,211.5265399049367,BDI,Burundi,253.530723439042,24.68718529,adult,0.09737354493028809,hospitalisation
972.2128158491329,963.6449552349823,355.73120208107326,1257.5178481514254,CPV,Cabo Verde,4195.75433916189,285.9694519,adult,0.06815686257673584,hospitalisation
502.7453040943026,532.9551106559435,178.81023442361888,640.0247545297741,KHM,Cambodia,2083.59301849948,109.52975464,adult,0.05256772971857956,hospitalisation
373.98801285347974,399.3031492890407,133.70686289038883,466.65031444337336,CMR,Cameroon,1466.76885819356,71.97737885,adult,0.049072066432229645,hospitalisation
10865.065280239287,9234.290918165685,4658.059415485998,14163.99415014365,CAN,Canada,44468.7475023539,6255.02783203,adult,0.1406612100261852,hospitalisation
299.74649250414444,268.73076064975857,120.36107857859801,394.8598575345021,CAF,Central African Republic,398.330979969132,47.91517639,adult,0.12028985642470769,hospitalisation
209.63982875996334,162.4778182888563,95.54888436384499,276.6324387998684,TCD,Chad,567.181912180859,40.17007446,adult,0.07082396951895542,hospitalisation
3357.930899291657,2954.8953343546154,1396.3450736225009,4402.420289472073,CHL,Chile,14226.5180749128,1547.28967285,adult,0.10876095364321843,hospitalisation
2095.0224274025886,2957.883293625393,583.2612381070871,2491.5769569027507,CHN,China,12175.1961147248,672.45159912,adult,0.055231274534192555,hospitalisation
1498.7488523707052,1600.425528179304,548.3848958896206,1897.2356539717744,COL,Colombia,6819.17983072755,505.50805664,adult,0.07413033080051014,hospitalisation
488.6528083124921,380.14609574261345,218.06215189520378,650.171573463268,COM,Comoros,1382.51969363483,122.93584442,adult,0.08892158642368786,hospitalisation
165.4503578179989,155.0689896269362,67.2323590116338,211.3437543844155,COD,"Congo, Dem. Rep.",537.269316970327,24.38615036,adult,0.04538906203971225,hospitalisation
375.0882839618265,491.8296415580274,111.60611603511256,447.2911686642026,COG,"Congo, Rep.",1677.08549205924,50.60568619,adult,0.030174780253964802,hospitalisation
2583.4297970432876,3287.1932826548186,819.7921162891934,3117.532057152378,CRI,Costa Rica,14318.8389652137,978.84155273,adult,0.06836039954831571,hospitalisation
507.0513154528139,716.2814922308085,153.02610289464516,620.7796954600635,CIV,Cote d'Ivoire,2302.7469807991,86.15213013,adult,0.037412764341179794,hospitalisation
3133.929400629259,3641.2916148245918,1049.2915336723863,3846.1869274969986,HRV,Croatia,17147.1660226623,1344.19006348,adult,0.07839138325852045,hospitalisation
5611.507277886206,6492.872972090278,1887.625308599187,6918.415670491662,CYP,Cyprus,32341.302734375,2864.15649414,adult,0.08856033158787197,hospitalisation
4831.315254739159,4036.1812606474373,2030.0964301428476,6474.051328541681,CZE,Czechia,20245.6557955904,2431.08496094,adult,0.12007933877199978,hospitalisation
10285.153081891316,12130.187939408223,3542.9685474936346,12778.207516961378,DNK,Denmark,61295.9818623394,6456.08398438,adult,0.10532638173378629,hospitalisation
617.3392765447201,1061.1742138999155,155.2715936870996,706.2444139294199,DJI,Djibouti,3078.28598659063,81.80969238,adult,0.026576378132627212,hospitalisation
1668.8617626082867,1918.5848750324124,561.3464343119242,2077.795925046914,DMA,Dominica,8399.96601368496,574.41748047,adult,0.0683833100674666,hospitalisation
1594.0840737954063,2258.2733054904793,449.08162362859537,1895.5348306386595,DOM,Dominican Republic,8857.40278693789,462.26287842,adult,0.05218943854531536,hospitalisation
1390.5241602420765,1385.1409449561868,543.9779034628109,1795.7286324447018,ECU,Ecuador,6238.15868442687,492.83575439,adult,0.07900340137552611,hospitalisation
829.0066335417587,1138.3760218357468,231.79019698708484,987.7011971210859,EGY,"Egypt, Arab Rep.",4111.24924442966,170.97909546,adult,0.04158811234606121,hospitalisation
1482.1570576651056,1194.0353807211854,642.2592039364395,1972.8844817967934,SLV,El Salvador,4481.19664108356,501.24411011,adult,0.11185496871853372,hospitalisation
984.7903723977892,1446.956098477097,253.1733824711723,1148.6398879561546,GNQ,Equatorial Guinea,5118.21986148331,190.09381104,adult,0.03714061063897106,hospitalisation
4129.541372885743,4273.53822362608,1563.4857925026533,5256.924870242004,EST,Estonia,20123.422189306,1998.88549805,adult,0.09933129063466396,hospitalisation
927.2509231127159,843.8997054391172,368.37663880716417,1207.180506053718,SWZ,Eswatini,3726.43642993545,283.88345337,adult,0.07618094624920717,hospitalisation
220.583492647217,253.18296560041424,74.3308877699946,270.16138597977636,ETH,Ethiopia,875.373675519289,27.0685215,adult,0.03092224755781286,hospitalisation
1059.4186060513605,1600.0607942305708,275.93372735788637,1231.691377359712,FJI,Fiji,5736.82889741943,217.15068054,adult,0.03785204063479736,hospitalisation
8204.85607105158,8242.448609106908,3051.800288471536,10569.755472018096,FIN,Finland,45588.5130643088,4902.0390625,adult,0.10752794362003006,hospitalisation
8336.9165349037,7444.697446054152,3457.2692800988666,10785.51539935972,FRA,France,39117.4845009362,4865.17822266,adult,0.12437349396900921,hospitalisation
1201.444627479534,2133.203451108597,299.54494157813406,1400.1811239625185,GAB,Gabon,6541.69710787282,247.09622192,adult,0.03777249509498444,hospitalisation
200.83620703705247,199.70283778250538,74.71717049371334,258.24150016789326,GMB,"Gambia, The",727.838723280227,28.89956109,adult,0.03970599552570564,hospitalisation
1390.1805173145938,1418.2852723577757,519.3691848836656,1773.8991786969295,GEO,Georgia,6180.62059946106,477.70956421,adult,0.07729152057184281,hospitalisation
10439.280371300107,8868.289878742971,4433.5193115443,13709.329984417764,DEU,Germany,44336.7775157399,6182.34375,adult,0.1394405298807569,hospitalisation
458.7003723105225,574.3612377344576,145.22069387656185,569.0570358660448,GHA,Ghana,2086.80608066,82.32108307,adult,0.039448362659535705,hospitalisation
3790.811547136449,4234.94772013351,1304.7722977228543,4732.60569785878,GRC,Greece,21139.1916750925,1768.11071777,adult,0.08364135890083711,hospitalisation
1747.5141203871585,2601.5309190080156,502.83923516069984,2042.5902036012703,GRD,Grenada,9727.65202554404,521.23730469,adult,0.05358305409375997,hospitalisation
1167.628617311353,1046.7705002549737,491.827457662101,1516.6402135496137,GTM,Guatemala,4470.75416315328,396.07998657,adult,0.0885935509123677,hospitalisation
286.6764576080895,269.64924600925264,114.63336176807812,370.64159856830173,GIN,Guinea,1028.47369985676,55.03785324,adult,0.053514108574351835,hospitalisation
307.7019557414301,238.3670558991947,136.58959545407293,411.41707971245705,GNB,Guinea-Bissau,767.044183086551,66.05480957,adult,0.0861160426302934,hospitalisation
3538.6198294612936,9331.502675093572,550.5292658069745,3370.9615064371364,GUY,Guyana,23102.6662867381,531.62786865,adult,0.02301153737199488,hospitalisation
314.7369758075885,352.28676266211033,108.24455872895786,398.2914572777495,HTI,Haiti,1219.11871645847,52.29947662,adult,0.04289941243124341,hospitalisation
851.0709637322608,679.4203337519621,381.14253941173644,1127.5274709412072,HND,Honduras,2527.43851176243,251.04405212,adult,0.09932746175690038,hospitalisation
2943.5919929082534,3405.5056487072643,951.3816432793885,3696.79416118988,HUN,Hungary,16282.830349083,1224.43383789,adult,0.07519785022872,hospitalisation
10654.914750973805,10549.50288596326,4134.326064682829,13835.313763239077,ISL,Iceland,59096.4444709589,6851.62939453,adult,0.11593979055536953,hospitalisation
482.07306839680484,641.1628113667882,144.73378489908228,579.583688734134,IND,India,2236.31279250417,79.51509857,adult,0.03555634025639181,hospitalisation
819.4741359882205,1420.6469186559468,208.45245082027998,919.1981966033297,IDN,Indonesia,4192.62390181339,127.44384766,adult,0.030397157160907778,hospitalisation
1053.0795693053415,1445.9984736817062,289.5731914339144,1242.1907014576627,IRN,"Iran, Islamic Rep.",5667.52647829172,237.82546997,adult,0.0419628335008122,hospitalisation
904.2242967065561,1015.1802921545938,316.7852428751274,1124.9098769773393,IRQ,Iraq,4175.70315667132,254.62432861,adult,0.06097759324754657,hospitalisation
12283.626221267146,22539.31788160712,2769.1301453345795,13115.741578161178,IRL,Ireland,91647.7688541174,6448.02197266,adult,0.0703565624486047,hospitalisation
7298.280844731168,7896.384662117663,2557.114278086852,9270.283716425116,ISR,Israel,42852.5810267712,4223.87255859,adult,0.09856751816072011,hospitalisation
6003.59402379342,6615.845224986705,2069.897008797214,7536.644427834082,ITA,Italy,34088.088128227,3134.68066406,adult,0.09195824219499991,hospitalisation
1344.7326091709726,1222.4213616376126,553.3331139583061,1740.6102207723902,JAM,Jamaica,5328.61624140582,468.34671021,adult,0.0878927453192686,hospitalisation
6863.823774436028,6844.304327306703,2563.395581524438,8770.351591652774,JPN,Japan,36990.3301140205,3889.35717773,adult,0.10514524108709727,hospitalisation
966.0416219337122,918.4169411315065,376.8189837103811,1244.990749634469,JOR,Jordan,3950.31227288316,295.13876343,adult,0.07471276776167143,hospitalisation
1881.397231134901,3075.272283627546,432.15846665661815,2102.3183934423078,KAZ,Kazakhstan,11453.3952725363,420.97982788,adult,0.0367558979553821,hospitalisation
443.6888227947305,461.0110809553012,157.35109165925408,563.6644845066486,KEN,Kenya,1808.40479129677,90.43982697,adult,0.05001083131678027,hospitalisation
806.1330673389697,642.2876966974632,349.32658151679334,1068.7501681954025,KIR,Kiribati,2003.46946759298,217.68276978,adult,0.10865290103049571,hospitalisation
5819.1059204822905,7182.123559930286,1948.1896277798216,7053.748404448124,KOR,"Korea, Rep.",34121.0211756766,3049.67163086,adult,0.08937808792879795,hospitalisation
3942.083778274955,5146.559335486314,1174.3387615568101,4724.699230793407,KWT,Kuwait,24155.1872264077,1700.31958008,adult,0.07039148834338665,hospitalisation
375.50994402729515,322.7940090512496,155.4671428454275,497.4127059173341,KGZ,Kyrgyz Republic,1264.17439486467,85.87857056,adult,0.06793253439466579,hospitalisation
524.3450456347279,939.119005056135,116.54600455400892,578.1964003915956,LAO,Lao PDR,2648.88726608035,41.34779739,adult,0.015609496832677127,hospitalisation
3443.8360592306817,3311.233503427211,1337.4447290364656,4446.980152340867,LVA,Latvia,16703.9018520982,1642.47131348,adult,0.09832860178555748,hospitalisation
701.9034605741318,663.6223076859415,273.08903972892324,906.4605823259278,LSO,Lesotho,974.382482849023,133.70170593,adult,0.13721686122585663,hospitalisation
706.9608755712006,844.985789174887,226.43427565111497,870.4435100871107,LBR,Liberia,653.329188343162,99.65045929,adult,0.15252718088826375,hospitalisation
1376.3804608889357,2287.9307354739913,319.6824256621641,1515.4134320493276,LBY,Libya,7633.45142779936,278.3821106,adult,0.036468707927608375,hospitalisation
3763.8061876322417,3916.6585144241344,1416.1507254835676,4774.057586630082,LTU,Lithuania,18685.551945873,1829.66320801,adult,0.09791860648858756,hospitalisation
13684.845504540923,26870.584313548552,2837.0063716125983,14792.264283486007,LUX,Luxembourg,106342.757463856,7022.62695313,adult,0.06603766086766055,hospitalisation
135.0040538422189,131.29972140517017,51.43608801272812,173.4013981912461,MDG,Madagascar,448.058746204617,16.32154655,adult,0.036427246847105105,hospitalisation
210.46811266128927,170.96651760836767,90.82539487654682,280.6129558820537,MWI,Malawi,556.744034801608,39.65991211,adult,0.07123545045998121,hospitalisation
1953.0677846642373,3628.151051604075,462.5814512689036,2135.456613846111,MYS,Malaysia,11429.5894122241,458.21963501,adult,0.04009064704633466,hospitalisation
2655.643947066475,2351.78198087486,1087.8395216995432,3505.4615076714454,MDV,Maldives,11485.5546954096,1150.68554688,adult,0.10018545707155886,hospitalisation
202.00581457369432,206.6252235436193,75.4693198433848,253.46847193074754,MLI,Mali,743.273871368099,29.74292755,adult,0.040016108053487744,hospitalisation
6075.550305652345,6637.495075273136,2206.085851187519,7725.893816494108,MLT,Malta,33000.5930696382,3352.77490234,adult,0.10159741357571785,hospitalisation
2359.5544388749295,2014.4622854629051,1000.6366226405007,3090.7690539854793,MHL,Marshall Islands,5470.42006850903,758.44873047,adult,0.13864542776816702,hospitalisation
427.8974423066685,439.1109064588066,159.06460830156175,544.1349639893268,MRT,Mauritania,1630.27171808744,90.41540527,adult,0.05546032864758962,hospitalisation
1976.1975932856994,3014.3013346202383,531.2335400089117,2323.401150112999,MUS,Mauritius,11319.2352240984,590.93572998,adult,0.052206330046212925,hospitalisation
1901.9818165578574,2416.4090020496196,596.693192831142,2324.6093882463488,MEX,Mexico,10241.8945112994,650.97070313,adult,0.06355959851098003,hospitalisation
1446.0965439773613,1249.1039665373055,604.645284515204,1921.6937476692733,FSM,"Micronesia, Fed. Sts.",2986.27621746796,396.7605896,adult,0.1328613164713913,hospitalisation
1235.5514946208639,989.5695162729621,551.3008053622077,1625.662851146436,MDA,Moldova,3728.90191379122,398.14910889,adult,0.10677382191724022,hospitalisation
26890.06719675875,103269.3265604304,2664.080657874147,21471.986132768056,MCO,Monaco,224582.449752101,7655.94042969,adult,0.03408966478966096,hospitalisation
1309.0769068989644,1082.7481994702566,553.8005884437957,1749.0190421187297,MNG,Mongolia,4456.53627552726,448.24212646,adult,0.10058083200657168,hospitalisation
2852.437538412502,2372.457154473837,1245.1697744853525,3743.1162642644113,MNE,Montenegro,8403.3387654549,1107.06445313,adult,0.13174102389885872,hospitalisation
768.0410522954785,819.637275848046,276.99101232807897,953.1775619993314,MAR,Morocco,3403.31982421875,199.21412659,adult,0.058535235264211664,hospitalisation
247.15221093611825,187.65115537765774,114.18444727393644,329.3710399649815,MOZ,Mozambique,610.174972826279,49.4729538,adult,0.08107994592247114,hospitalisation
311.4977882922529,312.6989531418483,115.31765733187319,400.706089383875,MMR,Myanmar,1177.76649645503,57.96875763,adult,0.04921922792376986,hospitalisation
1199.9992574451742,962.7853289081647,521.4309094773009,1609.4081744158225,NAM,Namibia,3965.35920570222,405.59393311,adult,0.10228428550098374,hospitalisation
34489.309949258604,120084.8645752958,3103.25531611741,28365.47701551351,NRU,Nauru,8463.13245199864,2264.20239258,adult,0.2675371566523563,hospitalisation
378.0365163468773,299.7978550235949,164.74764793081414,504.3875737218289,NPL,Nepal,1136.09335013717,88.26616669,adult,0.07769270604333957,hospitalisation
9470.335287755759,9836.838057687928,3576.0145646337096,12087.85463156423,NLD,Netherlands,51305.6282286444,5796.03466797,adult,0.1129707376769635,hospitalisation
8028.090960426992,7585.466579597342,3158.99375077876,10333.661326907277,NZL,New Zealand,41766.8707772422,4804.37792969,adult,0.11502843857547965,hospitalisation
728.3337324686066,593.975333898294,319.142789483509,975.5640162006807,NIC,Nicaragua,2256.77147695561,208.47544861,adult,0.0923777399434496,hospitalisation
169.7904480597961,153.98179191273755,68.7131999534285,218.74473330281887,NER,Niger,562.137571413883,26.50681686,adult,0.04715361187000952,hospitalisation
516.8512960297302,678.3234393069456,155.64895811326693,627.2612687549279,NGA,Nigeria,2416.36198205178,90.92185211,adult,0.03762757930531438,hospitalisation
1533.5840784029397,1413.7156199717697,631.2012749598673,1963.3085692877662,MKD,North Macedonia,6393.78647551263,561.69281006,adult,0.08784979170186717,hospitalisation
12924.260607238242,13906.17385530909,4531.6367551910935,16524.378906389196,NOR,Norway,78912.3327624579,8692.57617188,adult,0.1101548499148595,hospitalisation
2828.9605603699756,5044.728397466638,603.1163323960436,3066.6891644779107,OMN,Oman,18098.5776925062,706.92224121,adult,0.039059546734587024,hospitalisation
352.5829884034872,478.39553904009085,96.83837778167884,418.2081411168522,PAK,Pakistan,1616.39906887866,38.76602173,adult,0.023982952277306766,hospitalisation
5468.543778361976,5039.168888281762,2161.8996523319597,7178.373670023796,PLW,Palau,12379.7893768679,1978.85437012,adult,0.15984556036288983,hospitalisation
3307.958617334752,3488.181175227263,1197.9493424700004,4212.393701432311,PAN,Panama,16872.8834654731,1472.04638672,adult,0.08724332090198107,hospitalisation
529.5101093277912,724.4729954235386,151.30510097138912,647.7731281334802,PNG,Papua New Guinea,2496.50840962288,81.11356354,adult,0.03249080324638399,hospitalisation
1404.822445361352,1473.6169929199925,520.9898894364046,1774.9992145359947,PRY,Paraguay,6431.71872824395,480.19396973,adult,0.07466028755599939,hospitalisation
1348.6453596042575,1492.3696464601842,475.41244638212106,1674.0330896459418,PER,Peru,6552.55403560046,445.85757446,adult,0.06804332662311921,hospitalisation
778.3544283756645,931.756486453229,249.3671724293105,953.5288804101618,PHL,Philippines,3745.65232883132,182.93429565,adult,0.04883910186802556,hospitalisation
2944.8620640034487,3803.428445442413,918.4489852936092,3546.3651479107075,POL,Poland,17391.1441481102,1193.13061523,adult,0.0686056423354786,hospitalisation
5067.608121698126,4683.564608512521,2066.578423780297,6541.9195263228585,PRT,Portugal,22292.4218368837,2580.75634766,adult,0.11576832551185784,hospitalisation
8768.805255206098,24959.458109458246,1100.9675557218757,7743.813018112354,QAT,Qatar,65111.0333213131,1781.56030273,adult,0.027361880342741136,hospitalisation
2332.3123086757632,2833.8377550351033,764.3185539365381,2857.3152940224977,ROU,Romania,12399.0008278388,902.2677002,adult,0.07276938785052645,hospitalisation
2581.2378167006955,2314.4776660903826,1046.785920430367,3410.328892357246,RUS,Russian Federation,10420.5712890625,1078.23486328,adult,0.1034717611319182,hospitalisation
342.0979929619319,279.6643465754927,148.42718143118316,446.85540035716514,RWA,Rwanda,1004.21571099829,76.83828735,adult,0.07651571919106416,hospitalisation
866.5731256841285,945.1435243251219,299.91042808775916,1099.6902956205836,WSM,Samoa,4003.07590158729,236.22660828,adult,0.05901127385227244,hospitalisation
809.489922745715,727.7714857931071,330.7947983519362,1048.8906435762315,STP,Sao Tome and Principe,1380.60169416257,180.3336792,adult,0.1306196276322729,hospitalisation
3854.662292674318,5450.486714604969,1129.3447100608803,4646.15244069676,SAU,Saudi Arabia,23331.7694701019,1593.37145996,adult,0.06829192539390547,hospitalisation
355.84044158627137,391.5071342633203,126.05115185630451,448.66450138187196,SEN,Senegal,1463.19101905166,63.73388672,adult,0.043558145102139796,hospitalisation
2243.9695764714925,1895.641951279166,972.6209171767537,2949.8161985636807,SRB,Serbia,8210.55401378745,903.11828613,adult,0.10999480481018115,hospitalisation
2711.7768381162878,5603.8318428737075,586.1087920745761,2918.6723551162167,SYC,Seychelles,16715.2650923889,694.75085449,adult,0.04156385499422002,hospitalisation
275.38316204900485,321.18758561805174,91.3563641935919,341.0230254902276,SLE,Sierra Leone,1102.44133602893,39.31665802,adult,0.03566326545920468,hospitalisation
9056.36754444794,16531.931253563107,2162.8058085679677,10079.93128417751,SGP,Singapore,65422.4603166668,4320.51611328,adult,0.06604025731174344,hospitalisation
3621.000560242723,4239.339231703628,1241.282418385085,4431.409098557866,SVK,Slovak Republic,19238.7622372766,1642.39208984,adult,0.08536890625207359,hospitalisation
5241.559049458712,5024.436548133005,2018.6867743003668,6731.670106719791,SVN,Slovenia,25708.8691396365,2737.84936523,adult,0.10649435221594156,hospitalisation
458.9618522836878,489.2701811729237,161.45150194567276,580.4522835337998,SLB,Solomon Islands,1945.14986518195,96.73880768,adult,0.049733344155953256,hospitalisation
134.37642280908457,133.9950138399101,50.54450332787517,172.7421663497509,SOM,Somalia,465.160693722591,15.34639168,adult,0.03299159169530382,hospitalisation
1566.6772865540702,1302.7884679856843,658.3831274805589,2083.1701241069063,ZAF,South Africa,5747.41965032482,569.84075928,adult,0.09914723370648514,hospitalisation
5454.366519028126,5475.675119513457,2057.4412364378454,7010.421638067324,ESP,Spain,28569.8436482338,2910.83764648,adult,0.10188496942159321,hospitalisation
787.686204982399,1111.8837365402815,216.96744092333518,931.8064075514875,LKA,Sri Lanka,3968.6762893616,145.55810547,adult,0.03667673925943061,hospitalisation
3331.7737877635773,5498.938861720855,816.491852802132,3849.161437291926,KNA,St. Kitts and Nevis,21505.7244171915,1160.26428223,adult,0.05395141589848022,hospitalisation
2094.1714923669438,3035.051946944102,586.2383318050014,2447.6635039322978,LCA,St. Lucia,11440.0632358822,644.80279541,adult,0.05636356916171155,hospitalisation
1681.009415041143,2824.392202772507,426.8363452497339,1965.2045651328756,VCT,St. Vincent and the Grenadines,9385.71082837004,434.86938477,adult,0.046333132644096296,hospitalisation
211.42863660113255,229.4867294177242,78.41126689129332,269.59068278652126,SDN,Sudan,767.248779296875,31.57727051,adult,0.04115649494931509,hospitalisation
1342.3089709606345,1992.223156269246,373.79551822543857,1600.7070489853886,SUR,Suriname,7195.10209033209,343.85302734,adult,0.047789874698515845,hospitalisation
9428.558442283971,9474.907052266955,3414.8659791308055,12186.275933511224,SWE,Sweden,54449.7982042953,5943.36132813,adult,0.10915304600084184,hospitalisation
15308.44581135554,14616.724713307978,5868.934963412243,19773.301740508352,CHE,Switzerland,89555.5599814123,10963.43066406,adult,0.12242043560819132,hospitalisation
380.05282141800353,393.5162766909352,140.13464832426232,487.89307156244695,TJK,Tajikistan,1407.1075436221,78.61326599,adult,0.05586869770283371,hospitalisation
272.99876577037685,331.81366061043224,88.65171992927188,335.2046223352328,TZA,Tanzania,1092.86413574219,35.64775848,adult,0.03261865525103975,hospitalisation
1249.3855748666738,1505.3946082061068,405.6364741321014,1546.1387232935365,THA,Thailand,6393.88744975198,369.97647095,adult,0.057864088765646235,hospitalisation
826.1462071283144,749.5262765840708,329.37758954798153,1087.0501369264728,TLS,Timor-Leste,1278.41861343542,174.91215515,adult,0.13681915556592902,hospitalisation
272.3612124693191,239.74388422835895,113.79269947215579,357.98542129645523,TGO,Togo,896.874686928368,54.01099014,adult,0.060221334069509504,hospitalisation
3023.4898190778367,3258.0943826496687,1038.8823848344948,3810.5817131496133,TTO,Trinidad and Tobago,16061.9004827224,1292.01806641,adult,0.08043992476480656,hospitalisation
902.9543887332602,884.1947384531991,331.6448558929446,1164.825119571264,TUN,Tunisia,3958.56222854122,265.85464478,adult,0.0671593951114849,hospitalisation
2292.4268119512826,4434.899204928986,417.51166315968385,2414.1980228015314,TUR,Turkiye,14713.5670729157,385.87997437,adult,0.026226133503704653,hospitalisation
1632.6449427469229,1786.2245073440806,584.7705477753893,2025.6016615450314,TKM,Turkmenistan,7880.44528570939,579.15454102,adult,0.0734926162193213,hospitalisation
9540.736649903187,20284.4078183489,1624.6785376006674,9879.203146570308,TUV,Tuvalu,4773.34085526672,1084.66955566,adult,0.22723488402535041,hospitalisation
259.6058616903848,268.0353489528432,97.55104368704502,327.54642874164347,UGA,Uganda,955.745797275462,44.14502716,adult,0.046189088443646754,hospitalisation
5980.453124293432,11333.070389774528,1274.790221276376,6446.156377194896,ARE,United Arab Emirates,42507.787339453,2314.74511719,adult,0.05445461319134817,hospitalisation
8383.003338312597,9144.172087302915,2960.592977906629,10651.895982110278,GBR,United Kingdom,47322.6682239254,5035.6171875,adult,0.10641025488402389,hospitalisation
25959.168661102427,26394.08645832657,9363.304196246456,33452.34396131089,USA,United States,65875.177881434,12434.43359375,adult,0.18875749551872512,hospitalisation
3848.9561639982594,3670.7003826468735,1522.2444131973919,4954.82370270297,URY,Uruguay,18295.9066764742,1850.80737305,adult,0.10115964219635322,hospitalisation
768.7198658476705,1098.3154695755918,228.87365303644862,925.1443747507216,UZB,Uzbekistan,3725.67414578523,169.43212891,adult,0.045476904925159566,hospitalisation
600.5486451771222,689.7194132488727,207.71200839325223,745.7371779371517,VUT,Vanuatu,2627.97526807247,135.42979431,adult,0.05153389225361056,hospitalisation
787.5350517751543,928.9581014317987,254.80357372222292,960.337117241953,VNM,Viet Nam,3760.39771392507,188.89749146,adult,0.050233381102349,hospitalisation
1229.5152517380923,1002.2816497686143,528.6463188962247,1647.6492255200637,PSE,West Bank and Gaza,2862.88117465434,350.63812256,adult,0.12247735800712564,hospitalisation
238.1272361650405,238.34083328905152,89.44312793264976,303.80507011326034,YEM,"Yemen, Rep.",859.209303110809,38.11569214,adult,0.04436135875391513,hospitalisation
364.48202705738635,351.6250402002666,139.12602047456332,472.8633901543594,ZMB,Zambia,1330.85998216751,76.05962372,adult,0.05715073316437483,hospitalisation
369.08194338374784,390.9734418316631,131.22704834153978,461.6884852765544,ZWE,Zimbabwe,1410.7373112787,70.66313934,adult,0.05008950906384588,hospitalisation
396.700625611482,818.6973265556517,68.75864478828129,406.90234343221977,AFG,Afghanistan,379.707497269884,80.6516037,children,0.2124045595093304,hospitalisation
625.771087329324,465.41800061242606,292.8649587921003,834.0421564840875,ALB,Albania,5419.63779125273,414.35025024,children,0.07645349490122004,hospitalisation
483.1116061335992,405.6155739708621,199.05051974452124,644.4554868716513,DZA,Algeria,4660.40545686886,179.69688416,children,0.038558208255281536,hospitalisation
2745.3432770863706,2194.5117456109924,1202.4574401177968,3615.072324252379,AND,Andorra,40227.2335282714,3192.31567383,children,0.07935707713001106,hospitalisation
296.8860358670339,244.6815801132338,128.5868990741275,387.2039185895476,AGO,Angola,2332.88691268977,101.25614166,children,0.043403793432598835,hospitalisation
1397.3049330006904,1169.1558054504146,591.9751932237145,1851.4396801456662,ATG,Antigua and Barbuda,18090.7735177058,1084.88330078,children,0.05996887306771063,hospitalisation
1388.4428683850028,1073.1868152371726,630.5925182693189,1861.7645302903597,ARG,Argentina,12933.2497342121,1370.88464355,children,0.1059969204741808,hospitalisation
895.6286273317753,766.6641847041944,369.7518092976443,1186.5256997541928,ARM,Armenia,5151.01273118105,674.78619385,children,0.1310006845382581,hospitalisation
4229.413351394863,3291.392214505132,1888.8279859526222,5588.344553849542,AUS,Australia,61583.9188935304,6730.99511719,children,0.10929793423550892,hospitalisation
3928.332353544475,3123.908656513632,1755.2340833346416,5151.786591852149,AUT,Austria,46338.9571249412,5851.96240234,children,0.1262860186206106,hospitalisation
590.54740273045,465.1107570601899,263.0485808418756,782.0146648786686,AZE,Azerbaijan,5651.34563872949,304.20162964,children,0.05382817634710965,hospitalisation
2230.7126554943206,1833.7062404941814,976.9333726711355,2932.750234266772,BHS,"Bahamas, The",31053.8006388734,2341.32348633,children,0.07539571447493329,hospitalisation
1696.125511911057,1589.3146187433533,668.0907750639034,2219.4660866429804,BHR,Bahrain,25076.6545031009,1110.67590332,children,0.044291231239903125,hospitalisation
247.7740954180818,205.0395976747682,106.38307914201206,330.11703117833963,BGD,Bangladesh,1885.37733613545,61.09237671,children,0.032403262487086026,hospitalisation
1545.6881891122864,1272.1847217540223,678.1008499315617,2010.2837894105082,BRB,Barbados,19734.2380260921,1302.0592041,children,0.06597970503743042,hospitalisation
756.9103408977481,587.0603566864328,350.0272897608537,999.3941877975406,BLR,Belarus,6482.80295076287,529.01873779,children,0.08160339621733331,hospitalisation
3647.943435077146,2883.1901905810255,1617.26462798871,4833.165873313379,BEL,Belgium,44731.0420983801,5404.62402344,children,0.12082490748937245,hospitalisation
621.7024466138766,500.3333730368449,272.88876601494394,820.7527421361366,BLZ,Belize,6212.26051785042,297.4163208,children,0.04787569998801541,hospitalisation
181.48397963626633,153.37175176811533,75.50725932322905,241.26019954539407,BEN,Benin,1263.62565116943,33.88216782,children,0.02681345364320797,hospitalisation
490.04142260584695,371.4695236692339,225.92605071668072,654.8741981818589,BOL,Bolivia,3226.08755673382,307.13800049,children,0.09520448378684272,hospitalisation
849.8898919895918,644.2006438002254,398.3243004139619,1129.3573974841158,BIH,Bosnia and Herzegovina,6507.01987550791,667.29681396,children,0.10255029594602455,hospitalisation
754.6159363312763,590.9497142232129,337.0525997874859,997.805389151487,BWA,Botswana,7235.92910677284,477.83258057,children,0.06603610587101358,hospitalisation
1017.3412942624965,768.4750092412282,468.58164258649344,1358.367852358067,BRA,Brazil,9258.05329063487,848.57122803,children,0.09165763053971461,hospitalisation
1776.49562051004,2064.6587398366805,616.6037610368562,2214.5092424624463,BRN,Brunei Darussalam,28725.115657314,665.86773682,children,0.023180680793898092,hospitalisation
1129.3755273964387,826.3294060293049,527.925259873528,1519.1140093115937,BGR,Bulgaria,9819.57352949265,1011.09472656,children,0.10296727485396613,hospitalisation
158.69473256804878,115.41792365129112,74.1743699805699,213.9544176889105,BFA,Burkina Faso,744.165760639938,56.75708389,children,0.07626941051573283,hospitalisation
89.13547856019508,74.00893804698879,37.646791989017814,118.44812726206507,BDI,Burundi,253.530723439042,24.68718529,children,0.09737354493028809,hospitalisation
510.1203460363555,383.0317722690821,233.8716627829868,686.9673115883475,CPV,Cabo Verde,4195.75433916189,285.9694519,children,0.06815686257673584,hospitalisation
288.9114606165026,218.3978959661869,131.03919270593747,393.6669675764175,KHM,Cambodia,2083.59301849948,109.52975464,children,0.05256772971857956,hospitalisation
221.53816685979933,171.59329445404813,100.38997496404778,296.9447377900193,CMR,Cameroon,1466.76885819356,71.97737885,children,0.049072066432229645,hospitalisation
4239.152576041135,3510.223752260451,1815.7239464360946,5531.856725578653,CAN,Canada,44468.7475023539,6255.02783203,children,0.1406612100261852,hospitalisation
143.2243578785348,133.87162942299915,57.64120654827697,184.98387750674704,CAF,Central African Republic,398.330979969132,47.91517639,children,0.12028985642470769,hospitalisation
126.59049958484114,93.58745513054637,59.665042011248495,169.48912919222187,TCD,Chad,567.181912180859,40.17007446,children,0.07082396951895542,hospitalisation
1551.747896549044,1183.3895524095042,711.407027111744,2074.115422584067,CHL,Chile,14226.5180749128,1547.28967285,children,0.10876095364321843,hospitalisation
1043.6481382936981,851.9393144110555,443.075065588895,1399.5521004599595,CHN,China,12175.1961147248,672.45159912,children,0.055231274534192555,hospitalisation
748.2878863424442,558.6758598867393,339.0726706255856,1006.8113909585845,COL,Colombia,6819.17983072755,505.50805664,children,0.07413033080051014,hospitalisation
270.64624496051476,202.50492696013137,123.7229487450927,360.53634417244814,COM,Comoros,1382.51969363483,122.93584442,children,0.08892158642368786,hospitalisation
106.28628244647268,79.61337265177218,49.034766454539835,143.0304238263717,COD,"Congo, Dem. Rep.",537.269316970327,24.38615036,children,0.04538906203971225,hospitalisation
226.95176076234688,191.65980305508947,97.69793712177153,301.38088347357944,COG,"Congo, Rep.",1677.08549205924,50.60568619,children,0.030174780253964802,hospitalisation
1236.1638727626505,973.4249105541039,544.1158731805202,1649.768236544869,CRI,Costa Rica,14318.8389652137,978.84155273,children,0.06836039954831571,hospitalisation
286.9815062052185,233.68240865010532,123.20090557220459,385.8013251164497,CIV,Cote d'Ivoire,2302.7469807991,86.15213013,children,0.037412764341179794,hospitalisation
1452.6708125610282,1118.8483959533712,660.5342540898698,1935.1944901956513,HRV,Croatia,17147.1660226623,1344.19006348,children,0.07839138325852045,hospitalisation
2438.246161205505,1903.2577983702117,1113.7871560737333,3236.25981299661,CYP,Cyprus,32341.302734375,2864.15649414,children,0.08856033158787197,hospitalisation
2091.408844412071,1667.8609885603148,925.6937499103178,2755.349583890365,CZE,Czechia,20245.6557955904,2431.08496094,children,0.12007933877199978,hospitalisation
4169.863689915717,3273.1681509532086,1857.4966947483113,5506.056000883601,DNK,Denmark,61295.9818623394,6456.08398438,children,0.10532638173378629,hospitalisation
346.25544788994694,307.3486161827042,142.35539938414092,451.56663017586993,DJI,Djibouti,3078.28598659063,81.80969238,children,0.026576378132627212,hospitalisation
843.9508406430634,647.0363348109955,378.9491794942763,1148.7609816410225,DMA,Dominica,8399.96601368496,574.41748047,children,0.0683833100674666,hospitalisation
834.7153016059402,701.0011273156855,352.02870964209063,1110.4418697591097,DOM,Dominican Republic,8857.40278693789,462.26287842,children,0.05218943854531536,hospitalisation
724.3066372597028,553.3430083130362,333.91312698599415,968.2536930389795,ECU,Ecuador,6238.15868442687,492.83575439,children,0.07900340137552611,hospitalisation
446.66149186812925,374.58780668798335,189.80273426179258,583.2498044038631,EGY,"Egypt, Arab Rep.",4111.24924442966,170.97909546,children,0.04158811234606121,hospitalisation
704.7089152377433,549.1065284753225,318.4272877517262,943.5182305027272,SLV,El Salvador,4481.19664108356,501.24411011,children,0.11185496871853372,hospitalisation
518.9341145104106,454.6734297201317,214.58746566434235,680.7785762841872,GNQ,Equatorial Guinea,5118.21986148331,190.09381104,children,0.03714061063897106,hospitalisation
1820.4076772187675,1377.907461264997,823.7072072511048,2450.8535136859073,EST,Estonia,20123.422189306,1998.88549805,children,0.09933129063466396,hospitalisation
492.5406135631144,370.3276019055012,229.50520828733147,659.385313918923,SWZ,Eswatini,3726.43642993545,283.88345337,children,0.07618094624920717,hospitalisation
143.50237939960226,115.18631596728031,62.43877675346651,192.0946402477664,ETH,Ethiopia,875.373675519289,27.0685215,children,0.03092224755781286,hospitalisation
575.1667502350736,510.79060529819395,234.18131782788993,760.8265736565545,FJI,Fiji,5736.82889741943,217.15068054,children,0.03785204063479736,hospitalisation
3451.928178877848,2665.070703043671,1571.2611363355622,4617.034431144545,FIN,Finland,45588.5130643088,4902.0390625,children,0.10752794362003006,hospitalisation
3382.5017364036157,2735.0214256419063,1474.9020875713122,4486.652927832065,FRA,France,39117.4845009362,4865.17822266,children,0.12437349396900921,hospitalisation
617.2110539471314,548.7722862191351,252.58704345120154,807.2438672697061,GAB,Gabon,6541.69710787282,247.09622192,children,0.03777249509498444,hospitalisation
129.06880860646172,102.12492396088324,59.4146823104974,169.96969379365964,GMB,"Gambia, The",727.838723280227,28.89956109,children,0.03970599552570564,hospitalisation
708.4229470719613,535.9829927627368,324.00967782327666,958.5604535972817,GEO,Georgia,6180.62059946106,477.70956421,children,0.07729152057184281,hospitalisation
4172.891048685276,3446.889003860341,1774.018814019706,5530.453784789793,DEU,Germany,44336.7775157399,6182.34375,children,0.1394405298807569,hospitalisation
268.2868360219829,213.48583772740204,115.80418418451646,356.9556900949433,GHA,Ghana,2086.80608066,82.32108307,children,0.039448362659535705,hospitalisation
1774.7703096497528,1355.6244094814228,810.1386179889054,2384.0321650454825,GRC,Greece,21139.1916750925,1768.11071777,children,0.08364135890083711,hospitalisation
869.3044793091511,732.4224958810171,368.211436040589,1136.6624055926707,GRD,Grenada,9727.65202554404,521.23730469,children,0.05358305409375997,hospitalisation
601.2347343779212,442.5664283269961,276.8793062381768,812.3791891871709,GTM,Guatemala,4470.75416315328,396.07998657,children,0.0885935509123677,hospitalisation
175.74923810913478,133.5570297129709,80.76451437343725,232.08120246268604,GIN,Guinea,1028.47369985676,55.03785324,children,0.053514108574351835,hospitalisation
172.93903598069352,131.51746643885014,79.46197809517764,229.5983764081306,GNB,Guinea-Bissau,767.044183086551,66.05480957,children,0.0861160426302934,hospitalisation
1483.309282769688,1483.3930129640664,535.4665232481991,1911.0490831619,GUY,Guyana,23102.6662867381,531.62786865,children,0.02301153737199488,hospitalisation
188.2681612932191,148.38860026367993,85.05539540901647,249.9268052185399,HTI,Haiti,1219.11871645847,52.29947662,children,0.04289941243124341,hospitalisation
439.2932316669527,336.20790669265125,199.12022334984752,588.6466079303698,HND,Honduras,2527.43851176243,251.04405212,children,0.09932746175690038,hospitalisation
1397.0349120983126,1094.1060332475208,623.4343190799143,1843.6271138198751,HUN,Hungary,16282.830349083,1224.43383789,children,0.07519785022872,hospitalisation
4308.67231218743,3343.7766799907417,1932.480944564865,5774.80450527952,ISL,Iceland,59096.4444709589,6851.62939453,children,0.11593979055536953,hospitalisation
281.1836405708293,234.58975150320978,119.38787978151811,370.69910690514246,IND,India,2236.31279250417,79.51509857,children,0.03555634025639181,hospitalisation
443.0420762260804,393.7055464282726,179.71893427645307,581.9716200608882,IDN,Indonesia,4192.62390181339,127.44384766,children,0.030397157160907778,hospitalisation
560.8160204565304,469.12067994672674,238.4213378404036,732.7643075290644,IRN,"Iran, Islamic Rep.",5667.52647829172,237.82546997,children,0.0419628335008122,hospitalisation
499.527962127601,386.26694980864187,223.45996235162175,664.4955311107647,IRQ,Iraq,4175.70315667132,254.62432861,children,0.06097759324754657,hospitalisation
4715.508639352672,4133.841387202209,1966.7850008675023,6200.004740885886,IRL,Ireland,91647.7688541174,6448.02197266,children,0.0703565624486047,hospitalisation
3055.484691710352,2313.404053375895,1385.021567816506,4125.884752843514,ISR,Israel,42852.5810267712,4223.87255859,children,0.09856751816072011,hospitalisation
2561.302188518082,1984.9920445926189,1154.5335808734637,3407.8258124393906,ITA,Italy,34088.088128227,3134.68066406,children,0.09195824219499991,hospitalisation
688.7295926706682,514.2720573006167,319.6066640832566,916.4041926827563,JAM,Jamaica,5328.61624140582,468.34671021,children,0.0878927453192686,hospitalisation
2899.995353289097,2239.931099180078,1323.4620026272817,3855.11044853135,JPN,Japan,36990.3301140205,3889.35717773,children,0.10514524108709727,hospitalisation
511.5776313930815,380.7674260251205,234.23052288899558,689.9017803810044,JOR,Jordan,3950.31227288316,295.13876343,children,0.07471276776167143,hospitalisation
925.3043859370789,876.1795971894736,374.26299941144157,1199.0178823690644,KAZ,Kazakhstan,11453.3952725363,420.97982788,children,0.0367558979553821,hospitalisation
259.9895539764977,199.65238842399862,117.87399833503456,347.652779971934,KEN,Kenya,1808.40479129677,90.43982697,children,0.05001083131678027,hospitalisation
395.69035643281734,330.4165146160469,169.02516437063008,520.3522768361732,KIR,Kiribati,2003.46946759298,217.68276978,children,0.10865290103049571,hospitalisation
2554.9049959371027,2006.718714155917,1145.0486288825402,3413.323213181045,KOR,"Korea, Rep.",34121.0211756766,3049.67163086,children,0.08937808792879795,hospitalisation
1809.8756384149226,1472.5625210622732,783.821323001335,2409.4695213505734,KWT,Kuwait,24155.1872264077,1700.31958008,children,0.07039148834338665,hospitalisation
220.72465530340656,160.02347533036593,105.13965298812441,295.12067238937203,KGZ,Kyrgyz Republic,1264.17439486467,85.87857056,children,0.06793253439466579,hospitalisation
302.3886623432428,284.06294623311214,117.8611308167577,391.4435159212381,LAO,Lao PDR,2648.88726608035,41.34779739,children,0.015609496832677127,hospitalisation
1596.6824100771455,1217.832462302282,733.8394258314638,2116.036091727482,LVA,Latvia,16703.9018520982,1642.47131348,children,0.09832860178555748,hospitalisation
307.4556384825249,301.15026405057125,115.82944587635242,399.7390269246112,LSO,Lesotho,974.382482849023,133.70170593,children,0.13721686122585663,hospitalisation
267.7007538798826,306.094821808121,87.91023828111622,336.0305780450583,LBR,Liberia,653.329188343162,99.65045929,children,0.15252718088826375,hospitalisation
693.2382691167969,610.0644879011099,283.2315227056532,907.2939569541684,LBY,Libya,7633.45142779936,278.3821106,children,0.036468707927608375,hospitalisation
1709.7209686633776,1290.6665441632592,802.3949995259578,2256.4477123058214,LTU,Lithuania,18685.551945873,1829.66320801,children,0.09791860648858756,hospitalisation
5204.384504510355,4523.916553944143,2100.65810978855,6906.350427998283,LUX,Luxembourg,106342.757463856,7022.62695313,children,0.06603766086766055,hospitalisation
90.72684048217928,69.04664766353994,42.13630326963911,120.33697125897045,MDG,Madagascar,448.058746204617,16.32154655,children,0.036427246847105105,hospitalisation
125.72584137765416,92.94162594626147,58.92649285688734,169.00630077857377,MWI,Malawi,556.744034801608,39.65991211,children,0.07123545045998121,hospitalisation
937.3514591336484,809.3721257950504,384.39677204175786,1251.1988391702062,MYS,Malaysia,11429.5894122241,458.21963501,children,0.04009064704633466,hospitalisation
1258.8433187868525,944.8485960560007,572.6982600377103,1702.0777315363314,MDV,Maldives,11485.5546954096,1150.68554688,children,0.10018545707155886,hospitalisation
129.05566566780954,96.1804474016108,60.48779668641694,173.58063147047082,MLI,Mali,743.273871368099,29.74292755,children,0.040016108053487744,hospitalisation
2658.04541756444,2043.3624010638123,1197.9531861341325,3521.897115330896,MLT,Malta,33000.5930696382,3352.77490234,children,0.10159741357571785,hospitalisation
1009.70307844288,913.1909212643869,396.78965598416175,1320.0997131618003,MHL,Marshall Islands,5470.42006850903,758.44873047,children,0.13864542776816702,hospitalisation
244.8339845086054,186.70740102831215,110.86499765653588,326.04513495810136,MRT,Mauritania,1630.27171808744,90.41540527,children,0.05546032864758962,hospitalisation
963.4053227576853,796.6492613986356,412.56657762829366,1283.273963627849,MUS,Mauritius,11319.2352240984,590.93572998,children,0.052206330046212925,hospitalisation
932.5901074035829,739.0802593472074,413.7329952374797,1249.548799836767,MEX,Mexico,10241.8945112994,650.97070313,children,0.06355959851098003,hospitalisation
622.3296391179922,539.3397934183319,252.59103661844821,830.0377823260238,FSM,"Micronesia, Fed. Sts.",2986.27621746796,396.7605896,children,0.1328613164713913,hospitalisation
594.8674631083866,463.56580294985264,267.73832815130027,794.4362803720674,MDA,Moldova,3728.90191379122,398.14910889,children,0.10677382191724022,hospitalisation
8417.310527676846,9701.716170886788,2635.0145030498898,10533.517296077922,MCO,Monaco,224582.449752101,7655.94042969,children,0.03408966478966096,hospitalisation
642.6637833982018,488.28850490785175,292.41666658501276,859.6053125984283,MNG,Mongolia,4456.53627552726,448.24212646,children,0.10058083200657168,hospitalisation
1255.623499830681,1050.5663851714044,526.3319048374432,1699.08946947405,MNE,Montenegro,8403.3387654549,1107.06445313,children,0.13174102389885872,hospitalisation
423.8487123469302,328.1631909567841,187.66649976343768,561.7647579887272,MAR,Morocco,3403.31982421875,199.21412659,children,0.058535235264211664,hospitalisation
144.43961369690004,109.39617259897729,66.35089215761545,193.00881735197464,MOZ,Mozambique,610.174972826279,49.4729538,children,0.08107994592247114,hospitalisation
189.07734844875887,144.32520913957333,86.40015532378729,253.60336617938785,MMR,Myanmar,1177.76649645503,57.96875763,children,0.04921922792376986,hospitalisation
602.8659775684304,465.94353939616354,268.24984148502654,802.5530778604116,NAM,Namibia,3965.35920570222,405.59393311,children,0.10228428550098374,hospitalisation
5849.438166859893,14609.672829373152,741.4721522207767,5259.895925098703,NRU,Nauru,8463.13245199864,2264.20239258,children,0.2675371566523563,hospitalisation
217.64182707430135,158.5236799892047,101.6597159337,292.59433792718534,NPL,Nepal,1136.09335013717,88.26616669,children,0.07769270604333957,hospitalisation
3916.125108265478,3053.605061255802,1736.4729990261794,5285.544581330798,NLD,Netherlands,51305.6282286444,5796.03466797,children,0.1129707376769635,hospitalisation
3355.7284192705883,2540.230815083224,1550.3130597878312,4462.179573292009,NZL,New Zealand,41766.8707772422,4804.37792969,children,0.11502843857547965,hospitalisation
389.8233411541716,293.53424420628767,179.15203065170743,524.626689400386,NIC,Nicaragua,2256.77147695561,208.47544861,children,0.0923777399434496,hospitalisation
110.99500485940516,82.76063921847746,52.301666233414956,147.9045284053683,NER,Niger,562.137571413883,26.50681686,children,0.04715361187000952,hospitalisation
301.04568203713467,243.45088895162314,129.68257783345547,406.2417348537807,NGA,Nigeria,2416.36198205178,90.92185211,children,0.03762757930531438,hospitalisation
770.3386720453918,571.5012916831259,356.3993669038881,1027.210421374455,MKD,North Macedonia,6393.78647551263,561.69281006,children,0.08784979170186717,hospitalisation
5096.593419992596,3944.7869666821853,2284.2526056958086,6742.752780210123,NOR,Norway,78912.3327624579,8692.57617188,children,0.1101548499148595,hospitalisation
1337.842608272219,1274.7587787809591,516.2414028556587,1722.3821990641864,OMN,Oman,18098.5776925062,706.92224121,children,0.039059546734587024,hospitalisation
213.48378095014513,185.17701158384,88.6158436815452,281.1879807275229,PAK,Pakistan,1616.39906887866,38.76602173,children,0.023982952277306766,hospitalisation
2099.548384837761,2086.0394241182507,788.1309682578411,2680.204688867054,PLW,Palau,12379.7893768679,1978.85437012,children,0.15984556036288983,hospitalisation
1516.7530109912245,1172.056328775676,709.7376955903502,2001.8978059164301,PAN,Panama,16872.8834654731,1472.04638672,children,0.08724332090198107,hospitalisation
300.15013086443327,257.6833200176695,124.46833635500015,397.1246213994748,PNG,Papua New Guinea,2496.50840962288,81.11356354,children,0.03249080324638399,hospitalisation
737.5828723819333,561.686324451362,346.7135256204818,981.8628425211502,PRY,Paraguay,6431.71872824395,480.19396973,children,0.07466028755599939,hospitalisation
707.5262903551627,566.9467178333307,317.91567221427545,930.0432357156242,PER,Peru,6552.55403560046,445.85757446,children,0.06804332662311921,hospitalisation
432.27894665187637,346.825851233521,190.87795322824016,576.381773592557,PHL,Philippines,3745.65232883132,182.93429565,children,0.04883910186802556,hospitalisation
1425.7493796303183,1144.8439179714792,631.1461187828197,1871.5492282795212,POL,Poland,17391.1441481102,1193.13061523,children,0.0686056423354786,hospitalisation
2180.2302743823725,1682.9501996082065,980.3124201192514,2889.2792499929374,PRT,Portugal,22292.4218368837,2580.75634766,children,0.11576832551185784,hospitalisation
3317.2248715597434,3653.3406998160076,1078.3104086895162,4201.777080248077,QAT,Qatar,65111.0333213131,1781.56030273,children,0.027361880342741136,hospitalisation
1137.5081766385438,879.3403074024384,511.04721011974993,1522.9474165803624,ROU,Romania,12399.0008278388,902.2677002,children,0.07276938785052645,hospitalisation
1180.5397512106417,900.8587319122823,541.4071452609404,1562.2466762575207,RUS,Russian Federation,10420.5712890625,1078.23486328,children,0.1034717611319182,hospitalisation
197.13570436259124,145.77474459094418,93.1625783320265,263.5273761026712,RWA,Rwanda,1004.21571099829,76.83828735,children,0.07651571919106416,hospitalisation
468.24142989747287,361.9106041195174,208.16777715810892,625.5645117407457,WSM,Samoa,4003.07590158729,236.22660828,children,0.05901127385227244,hospitalisation
363.8423689294481,342.6706217417963,140.64063745819564,478.4216081624929,STP,Sao Tome and Principe,1380.60169416257,180.3336792,children,0.1306196276322729,hospitalisation
1744.527030169533,1433.868642442168,767.3300631740633,2326.6804158339305,SAU,Saudi Arabia,23331.7694701019,1593.37145996,children,0.06829192539390547,hospitalisation
215.90810958168615,169.560620670926,97.4667719486295,285.3948127830024,SEN,Senegal,1463.19101905166,63.73388672,children,0.043558145102139796,hospitalisation
1071.2048270927155,836.0138550631685,482.1633776507713,1422.3850993088097,SRB,Serbia,8210.55401378745,903.11828613,children,0.10999480481018115,hospitalisation
1237.308528612249,1152.65525061763,493.243191677322,1583.6626605433135,SYC,Seychelles,16715.2650923889,694.75085449,children,0.04156385499422002,hospitalisation
170.21734518798365,135.18372398108417,75.69787380344683,226.06646867283592,SLE,Sierra Leone,1102.44133602893,39.31665802,children,0.03566326545920468,hospitalisation
3647.9129936791064,3176.7224166258216,1516.1899531981314,4834.037411379446,SGP,Singapore,65422.4603166668,4320.51611328,children,0.06604025731174344,hospitalisation
1689.4630342483404,1290.2501202499323,760.3195618106424,2293.3352161289945,SVK,Slovak Republic,19238.7622372766,1642.39208984,children,0.08536890625207359,hospitalisation
2256.217570731094,1660.2608304474581,1047.9121294704844,3035.932471839105,SVN,Slovenia,25708.8691396365,2737.84936523,children,0.10649435221594156,hospitalisation
267.9013215991793,212.28020033920603,117.3191399043202,358.7155587463904,SLB,Solomon Islands,1945.14986518195,96.73880768,children,0.049733344155953256,hospitalisation
91.75586318909235,71.68421643519851,40.57169883898644,121.91518892689447,SOM,Somalia,465.160693722591,15.34639168,children,0.03299159169530382,hospitalisation
755.7139944689696,562.0204528589538,347.27663480743496,1007.0131484091057,ZAF,South Africa,5747.41965032482,569.84075928,children,0.09914723370648514,hospitalisation
2405.204661271815,1899.550553905918,1081.2374250351834,3207.3141782190523,ESP,Spain,28569.8436482338,2910.83764648,children,0.10188496942159321,hospitalisation
436.21599922116474,374.0890345559867,185.12548645010037,576.9056292597936,LKA,Sri Lanka,3968.6762893616,145.55810547,children,0.03667673925943061,hospitalisation
1558.2201742853017,1321.7563084072342,637.6537031665516,2107.036157595874,KNA,St. Kitts and Nevis,21505.7244171915,1160.26428223,children,0.05395141589848022,hospitalisation
980.641539733345,791.1618234078737,433.68591348795155,1296.697968637372,LCA,St. Lucia,11440.0632358822,644.80279541,children,0.05636356916171155,hospitalisation
839.9213634616206,732.1653739972082,350.9332678611431,1082.980912225075,VCT,St. Vincent and the Grenadines,9385.71082837004,434.86938477,children,0.046333132644096296,hospitalisation
133.3984211443712,102.73017244024655,60.18623179778035,180.29305241604575,SDN,Sudan,767.248779296875,31.57727051,children,0.04115649494931509,hospitalisation
695.4173395270857,574.4790205774771,299.8428730627087,920.384065153544,SUR,Suriname,7195.10209033209,343.85302734,children,0.047789874698515845,hospitalisation
3899.681545074572,3005.673255047124,1757.3622338885807,5167.279529177864,SWE,Sweden,54449.7982042953,5943.36132813,children,0.10915304600084184,hospitalisation
5983.213836590439,4552.156734174688,2743.5070452371965,7989.2626270523,CHE,Switzerland,89555.5599814123,10963.43066406,children,0.12242043560819132,hospitalisation
223.62336819972626,166.36451182327716,104.08443124275513,297.11582796708905,TJK,Tajikistan,1407.1075436221,78.61326599,children,0.05586869770283371,hospitalisation
165.130065607264,135.93458054897832,71.0579413358955,218.1670456788094,TZA,Tanzania,1092.86413574219,35.64775848,children,0.03261865525103975,hospitalisation
666.6885550867216,523.7804127505126,291.23212951412074,896.2656838839365,THA,Thailand,6393.88744975198,369.97647095,children,0.057864088765646235,hospitalisation
366.05003933906676,353.3210393044738,138.930981023437,467.43652476127124,TLS,Timor-Leste,1278.41861343542,174.91215515,children,0.13681915556592902,hospitalisation
165.39702035531823,122.79547255326618,78.1947676931131,221.82801457227032,TGO,Togo,896.874686928368,54.01099014,children,0.060221334069509504,hospitalisation
1442.4738450310072,1123.9047340950763,650.9910726144017,1931.1728130180368,TTO,Trinidad and Tobago,16061.9004827224,1292.01806641,children,0.08043992476480656,hospitalisation
487.6807278106941,376.50872775952365,222.37026316281234,649.9162747084408,TUN,Tunisia,3958.56222854122,265.85464478,children,0.0671593951114849,hospitalisation
1091.5459581403366,1072.6958841106784,403.51367096218985,1412.6622940550537,TUR,Turkiye,14713.5670729157,385.87997437,children,0.026226133503704653,hospitalisation
827.9063327853452,643.2106307657124,375.065331133483,1098.4142679340052,TKM,Turkmenistan,7880.44528570939,579.15454102,children,0.0734926162193213,hospitalisation
2365.258852898146,4302.871417460403,466.1666372455794,2513.5272909903956,TUV,Tuvalu,4773.34085526672,1084.66955566,children,0.22723488402535041,hospitalisation
161.8837033401183,119.53320396121505,75.4441461093405,219.36014071084503,UGA,Uganda,955.745797275462,44.14502716,children,0.046189088443646754,hospitalisation
2561.596287391148,2320.153387224554,1029.115791476654,3367.6718007734826,ARE,United Arab Emirates,42507.787339453,2314.74511719,children,0.05445461319134817,hospitalisation
3514.4287817779864,2697.769121902409,1590.1689355909157,4702.0448928585465,GBR,United Kingdom,47322.6682239254,5035.6171875,children,0.10641025488402389,hospitalisation
8553.447009475169,9808.022489655048,2853.937900424028,10652.306941916291,USA,United States,65875.177881434,12434.43359375,children,0.18875749551872512,hospitalisation
1752.3239940123644,1331.0144178521302,793.0198800402292,2362.5457959224327,URY,Uruguay,18295.9066764742,1850.80737305,children,0.10115964219635322,hospitalisation
427.8688914004979,341.82910272596314,189.2679019159123,566.8646011372286,UZB,Uzbekistan,3725.67414578523,169.43212891,children,0.045476904925159566,hospitalisation
339.49955645111703,263.8423753264833,154.9850404840232,451.8389675058731,VUT,Vanuatu,2627.97526807247,135.42979431,children,0.05153389225361056,hospitalisation
431.43946916557957,338.9124858633639,198.0885574372307,572.5435126958462,VNM,Viet Nam,3760.39771392507,188.89749146,children,0.050233381102349,hospitalisation
556.0350884641248,466.19664934087746,237.59366437179256,734.1356877835447,PSE,West Bank and Gaza,2862.88117465434,350.63812256,children,0.12247735800712564,hospitalisation
147.19456446003068,110.68494534308066,67.68069356275333,195.45149321995393,YEM,"Yemen, Rep.",859.209303110809,38.11569214,children,0.04436135875391513,hospitalisation
217.18519989729302,162.85178557055661,100.91771345694946,290.147970525965,ZMB,Zambia,1330.85998216751,76.05962372,children,0.05715073316437483,hospitalisation
220.4265602561253,165.85174999903268,102.26747797793826,292.12158872008473,ZWE,Zimbabwe,1410.7373112787,70.66313934,children,0.05008950906384588,hospitalisation
993.0034986365263,1618.232505590388,220.73511831155767,1106.0581664963956,AFG,Afghanistan,379.707497269884,80.6516037,elderly,0.2124045595093304,hospitalisation
865.7341355004494,657.536189535574,392.7609610715026,1158.2547251251551,ALB,Albania,5419.63779125273,414.35025024,elderly,0.07645349490122004,hospitalisation
517.5752072274088,424.08643743741743,222.22719221748858,689.2921237828409,DZA,Algeria,4660.40545686886,179.69688416,elderly,0.038558208255281536,hospitalisation
3555.10365495455,2795.117633977478,1585.0016762861933,4740.906731640287,AND,Andorra,40227.2335282714,3192.31567383,elderly,0.07935707713001106,hospitalisation
342.34946771280795,270.8021323172937,151.1971983311846,458.4986369266262,AGO,Angola,2332.88691268977,101.25614166,elderly,0.043403793432598835,hospitalisation
1691.5433516682397,1403.3885548145392,740.275598747488,2250.5166329599438,ATG,Antigua and Barbuda,18090.7735177058,1084.88330078,elderly,0.05996887306771063,hospitalisation
2192.893233396881,1638.4570906487293,1005.0326000077213,2913.125518498835,ARG,Argentina,12933.2497342121,1370.88464355,elderly,0.1059969204741808,hospitalisation
1613.0969387283947,1364.3891531984152,691.4020008259896,2127.16536333698,ARM,Armenia,5151.01273118105,674.78619385,elderly,0.1310006845382581,hospitalisation
6609.685795608284,5079.80125064301,3045.8842026292245,8809.73864138633,AUS,Australia,61583.9188935304,6730.99511719,elderly,0.10929793423550892,hospitalisation
6693.285754902384,5150.262497298937,3097.7274438928225,8843.895294982238,AUT,Austria,46338.9571249412,5851.96240234,elderly,0.1262860186206106,hospitalisation
691.2233056577056,554.7317312486368,310.4948125105276,915.0597707161237,AZE,Azerbaijan,5651.34563872949,304.20162964,elderly,0.05382817634710965,hospitalisation
2860.3804356850446,2242.679911389384,1282.128651550001,3783.9837746026033,BHS,"Bahamas, The",31053.8006388734,2341.32348633,elderly,0.07539571447493329,hospitalisation
1842.0977742125929,1639.1361108836304,746.7795771333579,2426.313304247408,BHR,Bahrain,25076.6545031009,1110.67590332,elderly,0.044291231239903125,hospitalisation
264.34087572667744,214.56404103107232,114.62508445360521,352.97315587720345,BGD,Bangladesh,1885.37733613545,61.09237671,elderly,0.032403262487086026,hospitalisation
1890.5697250795133,1525.1448390478206,825.795735236795,2486.553251979008,BRB,Barbados,19734.2380260921,1302.0592041,elderly,0.06597970503743042,hospitalisation
1034.173651575561,774.0707642558754,473.01226005844535,1387.2623837451831,BLR,Belarus,6482.80295076287,529.01873779,elderly,0.08160339621733331,hospitalisation
6031.773972741434,4590.059847315832,2750.3875190248737,8096.21231409986,BEL,Belgium,44731.0420983801,5404.62402344,elderly,0.12082490748937245,hospitalisation
694.8017697358455,559.8544197724151,302.6981663348686,931.786452881428,BLZ,Belize,6212.26051785042,297.4163208,elderly,0.04787569998801541,hospitalisation
189.59227996863646,154.61551332710843,81.97511850966626,251.63642578180372,BEN,Benin,1263.62565116943,33.88216782,elderly,0.02681345364320797,hospitalisation
749.5011937492776,572.8888175121584,345.8752296029378,988.163040540308,BOL,Bolivia,3226.08755673382,307.13800049,elderly,0.09520448378684272,hospitalisation
1324.9488878114826,998.5989392117984,621.7718331905844,1736.3725017004226,BIH,Bosnia and Herzegovina,6507.01987550791,667.29681396,elderly,0.10255029594602455,hospitalisation
949.0114126050306,738.0588307111968,425.4754616636461,1269.0656408255668,BWA,Botswana,7235.92910677284,477.83258057,elderly,0.06603610587101358,hospitalisation
1497.8756397911834,1113.5641085333707,686.4023724490478,2024.120565779345,BRA,Brazil,9258.05329063487,848.57122803,elderly,0.09165763053971461,hospitalisation
1664.0000359844935,1679.7807565834355,597.483604258179,2137.9932549024484,BRN,Brunei Darussalam,28725.115657314,665.86773682,elderly,0.023180680793898092,hospitalisation
1724.0493753131593,1278.2809056564133,809.6775761150355,2308.9448030712088,BGR,Bulgaria,9819.57352949265,1011.09472656,elderly,0.10296727485396613,hospitalisation
217.69746821438653,160.3974579774696,102.67696415801518,287.60719192673787,BFA,Burkina Faso,744.165760639938,56.75708389,elderly,0.07626941051573283,hospitalisation
139.45119217075464,111.3035625762356,61.59417189671218,186.61481134482963,BDI,Burundi,253.530723439042,24.68718529,elderly,0.09737354493028809,hospitalisation
666.533512802034,501.9982116585008,300.1781875210465,893.9956911316568,CPV,Cabo Verde,4195.75433916189,285.9694519,elderly,0.06815686257673584,hospitalisation
346.60242110612637,267.73503563169646,154.05588540843775,463.58955247918425,KHM,Cambodia,2083.59301849948,109.52975464,elderly,0.05256772971857956,hospitalisation
268.21703063588956,200.0435950111876,122.39791816731392,362.1788767381316,CMR,Cameroon,1466.76885819356,71.97737885,elderly,0.049072066432229645,hospitalisation
7638.847419846974,6001.08391231508,3393.7515460246827,10167.79657729622,CAN,Canada,44468.7475023539,6255.02783203,elderly,0.1406612100261852,hospitalisation
253.6699913438728,217.71271754141816,107.05487178005706,332.93879380526266,CAF,Central African Republic,398.330979969132,47.91517639,elderly,0.12028985642470769,hospitalisation
173.02536086044762,124.49247602330213,82.5320496342114,231.02878909150942,TCD,Chad,567.181912180859,40.17007446,elderly,0.07082396951895542,hospitalisation
2435.720199720259,1843.3067079319906,1122.5265973726923,3239.758762292732,CHL,Chile,14226.5180749128,1547.28967285,elderly,0.10876095364321843,hospitalisation
1222.3215751274222,994.6871770746068,542.9400008103976,1600.1550169666575,CHN,China,12175.1961147248,672.45159912,elderly,0.055231274534192555,hospitalisation
1007.8419791256903,756.7816472664579,474.08221921533914,1337.0321055269878,COL,Colombia,6819.17983072755,505.50805664,elderly,0.07413033080051014,hospitalisation
388.54082712385565,285.7057669036568,183.96072302306123,519.3167355236839,COM,Comoros,1382.51969363483,122.93584442,elderly,0.08892158642368786,hospitalisation
124.04572040855965,92.96074785289771,57.03669523718192,165.82060959232612,COD,"Congo, Dem. Rep.",537.269316970327,24.38615036,elderly,0.04538906203971225,hospitalisation
236.0446908412323,194.23391156422213,99.3385186464863,317.7850631144204,COG,"Congo, Rep.",1677.08549205924,50.60568619,elderly,0.030174780253964802,hospitalisation
1545.26834795926,1215.6162246227614,683.2628750680542,2074.3157177159965,CRI,Costa Rica,14318.8389652137,978.84155273,elderly,0.06836039954831571,hospitalisation
324.7022701878912,264.1618663041297,144.49094838734513,427.27242034069,CIV,Cote d'Ivoire,2302.7469807991,86.15213013,elderly,0.037412764341179794,hospitalisation
1947.7374293816752,1538.0276814339572,872.9408511077222,2580.2742724707955,HRV,Croatia,17147.1660226623,1344.19006348,elderly,0.07839138325852045,hospitalisation
3401.9196548749946,2617.285435229234,1558.7853281932053,4495.371967338029,CYP,Cyprus,32341.302734375,2864.15649414,elderly,0.08856033158787197,hospitalisation
3513.8836146703206,2606.787033937191,1658.5384669340067,4712.747081954632,CZE,Czechia,20245.6557955904,2431.08496094,elderly,0.12007933877199978,hospitalisation
6376.242069512547,4970.891300900465,2874.2492165400454,8430.020739845018,DNK,Denmark,61295.9818623394,6456.08398438,elderly,0.10532638173378629,hospitalisation
350.63164693133365,304.1125154052029,147.2043596342902,452.69379313198715,DJI,Djibouti,3078.28598659063,81.80969238,elderly,0.026576378132627212,hospitalisation
1079.1141464170269,841.7040360637476,485.07389468774335,1428.3754824715734,DMA,Dominica,8399.96601368496,574.41748047,elderly,0.0683833100674666,hospitalisation
937.2076948528392,773.1554806759245,398.22937677076095,1232.9253998516092,DOM,Dominican Republic,8857.40278693789,462.26287842,elderly,0.05218943854531536,hospitalisation
964.1150172909116,724.912076341497,437.9155059397338,1306.9498820988676,ECU,Ecuador,6238.15868442687,492.83575439,elderly,0.07900340137552611,hospitalisation
499.4187880807765,409.5103551694571,216.0514569284672,661.9260720151922,EGY,"Egypt, Arab Rep.",4111.24924442966,170.97909546,elderly,0.04158811234606121,hospitalisation
1148.0385256827285,879.7960453029845,510.85895995194187,1523.9468718168323,SLV,El Salvador,4481.19664108356,501.24411011,elderly,0.11185496871853372,hospitalisation
552.0273023293225,466.66776191421076,232.91943384415544,733.8238658594793,GNQ,Equatorial Guinea,5118.21986148331,190.09381104,elderly,0.03714061063897106,hospitalisation
2763.271465159341,2076.438222790792,1307.4752281309,3667.76635829708,EST,Estonia,20123.422189306,1998.88549805,elderly,0.09933129063466396,hospitalisation
665.9694288925041,490.55559153227034,310.6618742833138,879.180315002887,SWZ,Eswatini,3726.43642993545,283.88345337,elderly,0.07618094624920717,hospitalisation
152.94177776850702,118.65116461184333,68.99811599679957,204.37775190727314,ETH,Ethiopia,875.373675519289,27.0685215,elderly,0.03092224755781286,hospitalisation
603.5397559090446,502.7359548368437,257.12351058240756,798.2956058543293,FJI,Fiji,5736.82889741943,217.15068054,elderly,0.03785204063479736,hospitalisation
5291.680761344347,4105.188336500904,2388.265116935225,7012.9468651822235,FIN,Finland,45588.5130643088,4902.0390625,elderly,0.10752794362003006,hospitalisation
5825.031112370878,4485.715657818453,2650.3301450802637,7699.317499945488,FRA,France,39117.4845009362,4865.17822266,elderly,0.12437349396900921,hospitalisation
671.2540275382623,568.5611718730898,281.8227130068327,890.6722428752076,GAB,Gabon,6541.69710787282,247.09622192,elderly,0.03777249509498444,hospitalisation
145.75311527434647,109.42253709691897,66.73264473447146,196.6462860738148,GMB,"Gambia, The",727.838723280227,28.89956109,elderly,0.03970599552570564,hospitalisation
954.1251443486184,721.7858666440651,441.65086951995903,1274.472680462621,GEO,Georgia,6180.62059946106,477.70956421,elderly,0.07729152057184281,hospitalisation
7496.900562243223,5956.878499210429,3326.2794305207694,10002.438634428307,DEU,Germany,44336.7775157399,6182.34375,elderly,0.1394405298807569,hospitalisation
304.7884859091983,244.40645324656575,133.50716441478056,406.37190554235093,GHA,Ghana,2086.80608066,82.32108307,elderly,0.039448362659535705,hospitalisation
2421.2734625692724,1865.8636283934622,1106.9349866206358,3216.4194950499486,GRC,Greece,21139.1916750925,1768.11071777,elderly,0.08364135890083711,hospitalisation
1024.4338875201902,837.629427011779,445.29849751523227,1353.736130010904,GRD,Grenada,9727.65202554404,521.23730469,elderly,0.05358305409375997,hospitalisation
862.6391879164448,648.4468552154179,391.8345443103036,1149.6085828757678,GTM,Guatemala,4470.75416315328,396.07998657,elderly,0.0885935509123677,hospitalisation
215.66791997704635,160.46403182079524,100.58484228058649,288.21532281307753,GIN,Guinea,1028.47369985676,55.03785324,elderly,0.053514108574351835,hospitalisation
251.76759631384002,185.3963544843912,118.59459507676104,333.9230626979139,GNB,Guinea-Bissau,767.044183086551,66.05480957,elderly,0.0861160426302934,hospitalisation
1422.691740945535,1365.0302309836375,529.1528606455063,1841.2915937623725,GUY,Guyana,23102.6662867381,531.62786865,elderly,0.02301153737199488,hospitalisation
213.62002175850645,161.37068302802558,95.92743136616245,288.0184487180668,HTI,Haiti,1219.11871645847,52.29947662,elderly,0.04289941243124341,hospitalisation
672.8257552735233,492.0338614437682,309.67949879813864,912.6001174074479,HND,Honduras,2527.43851176243,251.04405212,elderly,0.09932746175690038,hospitalisation
1868.4415666651691,1432.712445874599,840.1342373922514,2528.1359743969683,HUN,Hungary,16282.830349083,1224.43383789,elderly,0.07519785022872,hospitalisation
7071.109454445521,5461.238990563678,3215.4622774618997,9366.974121857842,ISL,Iceland,59096.4444709589,6851.62939453,elderly,0.11593979055536953,hospitalisation
303.9668364562481,250.7262249888561,132.59894974015094,399.59527518434913,IND,India,2236.31279250417,79.51509857,elderly,0.03555634025639181,hospitalisation
458.45058307612527,389.31800259034986,189.51001761400585,599.6159553949858,IDN,Indonesia,4192.62390181339,127.44384766,elderly,0.030397157160907778,hospitalisation
631.9317664492274,506.60745934255084,276.6303230546092,830.4801946020128,IRN,"Iran, Islamic Rep.",5667.52647829172,237.82546997,elderly,0.0419628335008122,hospitalisation
610.4504375393091,470.4521955797922,279.937226980471,799.5995187719553,IRQ,Iraq,4175.70315667132,254.62432861,elderly,0.06097759324754657,hospitalisation
5911.757315068768,5077.309402353161,2439.6119192175074,7848.795583718455,IRL,Ireland,91647.7688541174,6448.02197266,elderly,0.0703565624486047,hospitalisation
4528.1466320776035,3396.555992523075,2093.3331816136288,6105.824039551302,ISR,Israel,42852.5810267712,4223.87255859,elderly,0.09856751816072011,hospitalisation
3680.8780712318453,2773.614326029438,1690.2444353421947,4951.150370793067,ITA,Italy,34088.088128227,3134.68066406,elderly,0.09195824219499991,hospitalisation
956.3787519372769,725.2802848812734,438.37621591579693,1279.6434522565205,JAM,Jamaica,5328.61624140582,468.34671021,elderly,0.0878927453192686,hospitalisation
4383.523959950551,3323.5447261631166,2021.8118156052635,5853.928670971534,JPN,Japan,36990.3301140205,3889.35717773,elderly,0.10514524108709727,hospitalisation
683.4942110891191,508.823828101024,314.073208192352,920.9804607985863,JOR,Jordan,3950.31227288316,295.13876343,elderly,0.07471276776167143,hospitalisation
983.6651554798356,870.2944808122757,397.4881562734268,1286.0736517637042,KAZ,Kazakhstan,11453.3952725363,420.97982788,elderly,0.0367558979553821,hospitalisation
303.0328910995815,230.4624257250826,138.5065881703465,401.5258917081851,KEN,Kenya,1808.40479129677,90.43982697,elderly,0.05001083131678027,hospitalisation
638.4744370336749,506.6927940930607,287.7915877993679,840.4173125248169,KIR,Kiribati,2003.46946759298,217.68276978,elderly,0.10865290103049571,hospitalisation
3527.029353931562,2722.3135709932926,1584.7860500741929,4774.151761311305,KOR,"Korea, Rep.",34121.0211756766,3049.67163086,elderly,0.08937808792879795,hospitalisation
2303.0362923573484,1870.4265801459333,1038.6769821241392,3038.2471059885297,KWT,Kuwait,24155.1872264077,1700.31958008,elderly,0.07039148834338665,hospitalisation
290.96597999856516,220.43662910119158,135.3330688439101,385.8995952748111,KGZ,Kyrgyz Republic,1264.17439486467,85.87857056,elderly,0.06793253439466579,hospitalisation
281.43267911589925,249.17304663584576,113.56971989626257,371.1406777149192,LAO,Lao PDR,2648.88726608035,41.34779739,elderly,0.015609496832677127,hospitalisation
2381.4062450294796,1788.221949157978,1105.6475982860243,3184.2485535357437,LVA,Latvia,16703.9018520982,1642.47131348,elderly,0.09832860178555748,hospitalisation
571.8358271176799,525.7334935624748,230.62099248642906,739.8820237439528,LSO,Lesotho,974.382482849023,133.70170593,elderly,0.13721686122585663,hospitalisation
550.8935707784362,579.3296454947138,202.88875857005473,696.1895301061736,LBR,Liberia,653.329188343162,99.65045929,elderly,0.15252718088826375,hospitalisation
739.7765120172661,627.7410049308048,306.2087782670813,975.393397651194,LBY,Libya,7633.45142779936,278.3821106,elderly,0.036468707927608375,hospitalisation
2622.250209760484,1973.0974063172735,1210.5472445528696,3485.2068550242534,LTU,Lithuania,18685.551945873,1829.66320801,elderly,0.09791860648858756,hospitalisation
6189.40062968116,5444.0495374446255,2565.065437867837,8097.184386170893,LUX,Luxembourg,106342.757463856,7022.62695313,elderly,0.06603766086766055,hospitalisation
101.05455685829584,75.93096011844193,45.77831642427388,135.6745960162183,MDG,Madagascar,448.058746204617,16.32154655,elderly,0.036427246847105105,hospitalisation
170.8143378452481,128.2516302518195,78.56477430572218,229.0278793127244,MWI,Malawi,556.744034801608,39.65991211,elderly,0.07123545045998121,hospitalisation
1012.2639658520604,874.9411012467596,418.147756994896,1337.4776149548698,MYS,Malaysia,11429.5894122241,458.21963501,elderly,0.04009064704633466,hospitalisation
1911.2384542800671,1456.1458704795175,865.740170428582,2541.426319172539,MDV,Maldives,11485.5546954096,1150.68554688,elderly,0.10018545707155886,hospitalisation
147.55084306542906,112.73366166538706,66.3588866842997,197.45104515241195,MLI,Mali,743.273871368099,29.74292755,elderly,0.040016108053487744,hospitalisation
3945.491033912374,3033.5840884029835,1783.2776066632298,5232.298840721364,MLT,Malta,33000.5930696382,3352.77490234,elderly,0.10159741357571785,hospitalisation
1857.5629803922645,1579.0502038599277,771.163451644818,2459.658889851852,MHL,Marshall Islands,5470.42006850903,758.44873047,elderly,0.13864542776816702,hospitalisation
303.58026702487507,229.6289973802761,139.22168631986094,406.35182762002796,MRT,Mauritania,1630.27171808744,90.41540527,elderly,0.05546032864758962,hospitalisation
1110.199876437128,898.7066781045065,494.0023284858859,1458.757392393643,MUS,Mauritius,11319.2352240984,590.93572998,elderly,0.052206330046212925,hospitalisation
1186.0337417950668,948.8705477007677,519.4977260464763,1563.9361660680065,MEX,Mexico,10241.8945112994,650.97070313,elderly,0.06355959851098003,hospitalisation
1133.0855216343664,971.2920182149754,480.7953850252624,1487.7329548897392,FSM,"Micronesia, Fed. Sts.",2986.27621746796,396.7605896,elderly,0.1328613164713913,hospitalisation
947.4430267083432,737.4313755132448,434.5892789259967,1267.6130121568106,MDA,Moldova,3728.90191379122,398.14910889,elderly,0.10677382191724022,hospitalisation
8033.3086974406115,8498.447764242334,2762.643623341027,10248.354137955801,MCO,Monaco,224582.449752101,7655.94042969,elderly,0.03408966478966096,hospitalisation
1014.0487828724159,772.1540013679814,461.33974064137993,1371.6852056812718,MNG,Mongolia,4456.53627552726,448.24212646,elderly,0.10058083200657168,hospitalisation
2228.6661882393755,1785.9226331912841,982.0169480219434,2913.2028825027287,MNE,Montenegro,8403.3387654549,1107.06445313,elderly,0.13174102389885872,hospitalisation
521.4707202340103,388.9432973861172,240.1869520941177,700.2868943752007,MAR,Morocco,3403.31982421875,199.21412659,elderly,0.058535235264211664,hospitalisation
205.66031428305143,150.82049596939058,97.8471680551979,276.1814632123208,MOZ,Mozambique,610.174972826279,49.4729538,elderly,0.08107994592247114,hospitalisation
226.9349770435329,172.33950193026405,102.94424993511967,303.63204923894835,MMR,Myanmar,1177.76649645503,57.96875763,elderly,0.04921922792376986,hospitalisation
948.5539051044295,717.965588138575,443.27010699804543,1254.3829309236667,NAM,Namibia,3965.35920570222,405.59393311,elderly,0.10228428550098374,hospitalisation
18359.192841612152,46790.83768333152,3135.3463142043124,18247.861934205233,NRU,Nauru,8463.13245199864,2264.20239258,elderly,0.2675371566523563,hospitalisation
303.0788111974231,219.97448353620177,141.04022517202603,409.5577895311778,NPL,Nepal,1136.09335013717,88.26616669,elderly,0.07769270604333957,hospitalisation
6170.071149252999,4775.663602811589,2810.0476495450057,8212.954842945972,NLD,Netherlands,51305.6282286444,5796.03466797,elderly,0.1129707376769635,hospitalisation
5424.707826817415,4034.498114778503,2487.921842678363,7274.536906373727,NZL,New Zealand,41766.8707772422,4804.37792969,elderly,0.11502843857547965,hospitalisation
564.3493036656121,424.615606336159,262.8295716597877,753.5326814849386,NIC,Nicaragua,2256.77147695561,208.47544861,elderly,0.0923777399434496,hospitalisation
132.60067338090985,98.16555253122611,62.0403125148878,177.85759968950447,NER,Niger,562.137571413883,26.50681686,elderly,0.04715361187000952,hospitalisation
333.0017882456027,270.0939188758512,143.7238200269687,439.9495881336406,NGA,Nigeria,2416.36198205178,90.92185211,elderly,0.03762757930531438,hospitalisation
1125.1447148049272,839.4070876992067,526.7929473865909,1520.109503171118,MKD,North Macedonia,6393.78647551263,561.69281006,elderly,0.08784979170186717,hospitalisation
8038.726875101095,6268.6786189368495,3634.9046906080703,10730.40156473433,NOR,Norway,78912.3327624579,8692.57617188,elderly,0.1101548499148595,hospitalisation
1391.643307642186,1247.3300485784,575.804302167513,1806.9128785724802,OMN,Oman,18098.5776925062,706.92224121,elderly,0.039059546734587024,hospitalisation
219.11297739312764,174.51328811189566,92.99485029805348,297.7721634480714,PAK,Pakistan,1616.39906887866,38.76602173,elderly,0.023982952277306766,hospitalisation
4169.237182669074,3853.825019134,1679.585619375462,5401.730889131311,PLW,Palau,12379.7893768679,1978.85437012,elderly,0.15984556036288983,hospitalisation
2131.4143775268235,1632.4003808909063,954.1979672657005,2840.7869472787015,PAN,Panama,16872.8834654731,1472.04638672,elderly,0.08724332090198107,hospitalisation
320.4666923451055,268.99113211271725,138.28458843532326,419.31724140163067,PNG,Papua New Guinea,2496.50840962288,81.11356354,elderly,0.03249080324638399,hospitalisation
949.7989035145384,714.4849648963395,450.4618580251536,1267.1717232954843,PRY,Paraguay,6431.71872824395,480.19396973,elderly,0.07466028755599939,hospitalisation
902.144881117587,687.0479675496125,416.41806198296047,1200.7190146518244,PER,Peru,6552.55403560046,445.85757446,elderly,0.06804332662311921,hospitalisation
496.27332840852216,395.7795907096014,214.31761738224097,659.2942510943769,PHL,Philippines,3745.65232883132,182.93429565,elderly,0.04883910186802556,hospitalisation
1794.6897576193267,1406.5617381043048,798.4215228656255,2365.9358411088733,POL,Poland,17391.1441481102,1193.13061523,elderly,0.0686056423354786,hospitalisation
3591.3327643176394,2694.2650747792236,1634.279876084394,4829.117387222917,PRT,Portugal,22292.4218368837,2580.75634766,elderly,0.11576832551185784,hospitalisation
3151.985594774135,3223.45338436852,1114.4432170246632,4070.0798192959605,QAT,Qatar,65111.0333213131,1781.56030273,elderly,0.027361880342741136,hospitalisation
1499.8065290906288,1160.7624181765616,692.3167766933338,2023.0605158831643,ROU,Romania,12399.0008278388,902.2677002,elderly,0.07276938785052645,hospitalisation
1868.1269157327984,1434.917395272001,851.50303298304,2485.9329284126143,RUS,Russian Federation,10420.5712890625,1078.23486328,elderly,0.1034717611319182,hospitalisation
270.75381667107007,201.12699201602138,123.85408615295867,365.0093326280373,RWA,Rwanda,1004.21571099829,76.83828735,elderly,0.07651571919106416,hospitalisation
595.1053493934556,464.40291789710125,268.87992037691174,785.1029893363452,WSM,Samoa,4003.07590158729,236.22660828,elderly,0.05901127385227244,hospitalisation
664.2349985542603,573.7035663884179,279.02049406803974,868.4349877937354,STP,Sao Tome and Principe,1380.60169416257,180.3336792,elderly,0.1306196276322729,hospitalisation
2158.295594909729,1747.3249817452322,947.0856081564161,2903.777325723636,SAU,Saudi Arabia,23331.7694701019,1593.37145996,elderly,0.06829192539390547,hospitalisation
247.96977537007103,191.6624191232344,111.76474510202175,328.71023840157034,SEN,Senegal,1463.19101905166,63.73388672,elderly,0.043558145102139796,hospitalisation
1665.251508314414,1276.996350739629,745.084205360552,2228.5922012101755,SRB,Serbia,8210.55401378745,903.11828613,elderly,0.10999480481018115,hospitalisation
1333.8362962063798,1165.865042964906,549.41083287106,1745.2637098992282,SYC,Seychelles,16715.2650923889,694.75085449,elderly,0.04156385499422002,hospitalisation
187.39344174060162,143.71610263864915,83.44894916421117,253.72113146142192,SLE,Sierra Leone,1102.44133602893,39.31665802,elderly,0.03566326545920468,hospitalisation
4407.189702247126,3863.1682364216763,1904.537439207236,5761.836910211023,SGP,Singapore,65422.4603166668,4320.51611328,elderly,0.06604025731174344,hospitalisation
2320.6957568956636,1752.1891603525967,1076.7833117609678,3123.1527670928463,SVK,Slovak Republic,19238.7622372766,1642.39208984,elderly,0.08536890625207359,hospitalisation
3626.884787853948,2732.5020630525783,1630.8102613010697,4884.639745850428,SVN,Slovenia,25708.8691396365,2737.84936523,elderly,0.10649435221594156,hospitalisation
317.81548185820617,246.23162953455238,144.4129198834734,423.3377879072665,SLB,Solomon Islands,1945.14986518195,96.73880768,elderly,0.049733344155953256,hospitalisation
98.80392081584341,76.21771535303627,45.24011245024716,130.8977058788736,SOM,Somalia,465.160693722591,15.34639168,elderly,0.03299159169530382,hospitalisation
1173.6648547838608,870.5887063948612,553.1957695467509,1577.7817224065052,ZAF,South Africa,5747.41965032482,569.84075928,elderly,0.09914723370648514,hospitalisation
3672.5644030206245,2774.4635330808155,1675.409947442554,4915.935850003805,ESP,Spain,28569.8436482338,2910.83764648,elderly,0.10188496942159321,hospitalisation
470.4548512328648,393.0026794849484,203.43881517592143,628.6447177474378,LKA,Sri Lanka,3968.6762893616,145.55810547,elderly,0.03667673925943061,hospitalisation
1827.0632332697953,1575.9069987152193,758.6442978697385,2419.4299628569493,KNA,St. Kitts and Nevis,21505.7244171915,1160.26428223,elderly,0.05395141589848022,hospitalisation
1185.2224092391152,972.0518695830289,505.33811112032913,1559.298096963994,LCA,St. Lucia,11440.0632358822,644.80279541,elderly,0.05636356916171155,hospitalisation
944.8566816009239,783.4577969626412,408.21381217859096,1249.0854782559868,VCT,St. Vincent and the Grenadines,9385.71082837004,434.86938477,elderly,0.046333132644096296,hospitalisation
153.23410382151124,117.75814380592783,68.95771872435117,204.31306244808417,SDN,Sudan,767.248779296875,31.57727051,elderly,0.04115649494931509,hospitalisation
778.8202155637708,639.3144105373872,333.66095340715776,1031.16063987316,SUR,Suriname,7195.10209033209,343.85302734,elderly,0.047789874698515845,hospitalisation
6127.797742522335,4589.468706228979,2857.540300313213,8129.836792931847,SWE,Sweden,54449.7982042953,5943.36132813,elderly,0.10915304600084184,hospitalisation
10041.954011652408,7709.651234131954,4636.423789440455,13267.765709330282,CHE,Switzerland,89555.5599814123,10963.43066406,elderly,0.12242043560819132,hospitalisation
271.5334441630616,202.96632513744677,125.02641380303064,366.9767281860364,TJK,Tajikistan,1407.1075436221,78.61326599,elderly,0.05586869770283371,hospitalisation
177.27587211423076,142.5910986477708,78.95153911343832,232.39118882317337,TZA,Tanzania,1092.86413574219,35.64775848,elderly,0.03261865525103975,hospitalisation
788.9831776446291,617.1551338732636,352.71866364501705,1055.877655998731,THA,Thailand,6393.88744975198,369.97647095,elderly,0.057864088765646235,hospitalisation
679.0942994741911,590.5812519792836,283.6412469304421,889.6707078053937,TLS,Timor-Leste,1278.41861343542,174.91215515,elderly,0.13681915556592902,hospitalisation
209.58615051858288,153.5609636425374,100.35513310649723,282.2915471822763,TGO,Togo,896.874686928368,54.01099014,elderly,0.060221334069509504,hospitalisation
1936.8810045818034,1475.5969884900405,895.0756892892354,2591.359677261763,TTO,Trinidad and Tobago,16061.9004827224,1292.01806641,elderly,0.08043992476480656,hospitalisation
626.5504606327892,474.8852721461675,289.0455908902779,838.5622817804563,TUN,Tunisia,3958.56222854122,265.85464478,elderly,0.0671593951114849,hospitalisation
1080.7158611571492,1037.0798125543865,422.87598019413844,1390.0222424509234,TUR,Turkiye,14713.5670729157,385.87997437,elderly,0.026226133503704653,hospitalisation
1091.4002052616775,827.5870003891365,504.5993727518649,1462.814422986892,TKM,Turkmenistan,7880.44528570939,579.15454102,elderly,0.0734926162193213,hospitalisation
6330.455775370849,11107.221366050224,1544.5581091531687,7147.099838148344,TUV,Tuvalu,4773.34085526672,1084.66955566,elderly,0.22723488402535041,hospitalisation
186.7307517480023,140.86589459181454,85.74271367003206,247.82620266732107,UGA,Uganda,955.745797275462,44.14502716,elderly,0.046189088443646754,hospitalisation
2991.8010467397244,2643.822614504284,1240.337199962892,3925.499167871759,ARE,United Arab Emirates,42507.787339453,2314.74511719,elderly,0.05445461319134817,hospitalisation
5424.610186618065,4174.795317720403,2446.4102545281307,7226.269463745766,GBR,United Kingdom,47322.6682239254,5035.6171875,elderly,0.10641025488402389,hospitalisation
19115.154470652666,18042.99981165031,7194.622614493883,24881.88957423161,USA,United States,65875.177881434,12434.43359375,elderly,0.18875749551872512,hospitalisation
2685.8197052057794,2053.6377264708467,1224.0786863355406,3572.1895970421865,URY,Uruguay,18295.9066764742,1850.80737305,elderly,0.10115964219635322,hospitalisation
485.77548650966617,385.8403773081064,213.6508884828605,641.5870527660625,UZB,Uzbekistan,3725.67414578523,169.43212891,elderly,0.045476904925159566,hospitalisation
396.05085011265373,304.9647468746435,180.20027069983195,525.5684654006394,VUT,Vanuatu,2627.97526807247,135.42979431,elderly,0.05153389225361056,hospitalisation
508.2894613277629,398.64158102452325,228.98829585955116,678.0398627911218,VNM,Viet Nam,3760.39771392507,188.89749146,elderly,0.050233381102349,hospitalisation
961.5218530902245,756.1596504851958,424.4958338737532,1272.019227621766,PSE,West Bank and Gaza,2862.88117465434,350.63812256,elderly,0.12247735800712564,hospitalisation
171.65150984944967,129.53106324396614,78.54838825825023,227.85818159615098,YEM,"Yemen, Rep.",859.209303110809,38.11569214,elderly,0.04436135875391513,hospitalisation
264.81225772400006,196.00698577744458,121.37187009715322,357.89586658189734,ZMB,Zambia,1330.85998216751,76.05962372,elderly,0.05715073316437483,hospitalisation
257.33293053368527,194.06934195120365,117.82412721077124,347.35898942676204,ZWE,Zimbabwe,1410.7373112787,70.66313934,elderly,0.05008950906384588,hospitalisation
