ISO Code,Country,Healthcare expenditure per capita,Inpatient_Adults,Inpatient_Children,Inpatient_Older people,Outpatient_Adults,Outpatient_Children,Outpatient_Older people
SOM,"Somalia, Fed. Rep.",15.90,"17.44 (2.54, 45.83)","15.93 (2.40, 41.55)","16.51 (2.25, 43.52)","4.74 (0.67, 12.73)","4.35 (0.65, 11.83)","4.55 (0.70, 12.11)"
MDG,Madagascar,16.91,"17.95 (2.72, 48.00)","16.86 (2.53, 45.54)","17.42 (2.54, 45.77)","4.95 (0.73, 13.21)","4.47 (0.64, 12.17)","4.69 (0.65, 12.50)"
COD,"Congo, Dem. Rep.",25.26,"27.25 (3.96, 71.14)","24.94 (3.64, 65.48)","26.00 (3.71, 69.32)","6.17 (0.89, 16.96)","5.54 (0.78, 15.18)","5.87 (0.86, 15.87)"
BDI,Burundi,25.58,"27.90 (3.99, 75.70)","25.16 (3.86, 65.87)","27.01 (4.09, 70.21)","6.15 (0.88, 16.91)","5.60 (0.86, 15.20)","5.88 (0.89, 15.70)"
NER,Niger,27.46,"30.17 (4.50, 80.48)","27.53 (4.08, 72.47)","28.93 (4.09, 77.51)","6.42 (0.95, 17.54)","5.81 (0.92, 15.46)","6.19 (0.87, 16.78)"
ETH,Ethiopia,28.04,"30.51 (4.46, 81.05)","27.81 (4.12, 73.56)","29.42 (4.28, 79.04)","6.42 (0.96, 17.18)","5.86 (0.87, 15.67)","6.19 (0.92, 16.44)"
ERI,Eritrea,28.06,"30.27 (4.30, 84.03)","27.57 (3.94, 74.79)","28.74 (4.38, 76.67)","6.42 (1.00, 17.07)","5.86 (0.89, 15.78)","6.25 (0.84, 16.48)"
GMB,"Gambia, The",29.94,"32.63 (4.56, 88.42)","29.87 (4.03, 79.70)","31.42 (4.54, 82.90)","6.71 (1.00, 18.34)","6.12 (0.92, 16.35)","6.49 (0.98, 17.69)"
MLI,Mali,30.81,"33.69 (5.05, 89.36)","30.77 (4.77, 82.19)","32.45 (5.02, 86.31)","6.85 (1.00, 18.36)","6.12 (0.89, 16.57)","6.65 (0.97, 18.19)"
SDN,Sudan,32.71,"36.50 (5.80, 98.78)","32.78 (4.61, 87.27)","34.21 (5.05, 93.37)","7.18 (1.06, 19.68)","6.45 (0.97, 17.36)","6.72 (1.04, 17.66)"
BEN,Benin,35.10,"39.06 (5.41, 104.50)","34.73 (5.37, 93.80)","36.75 (5.51, 98.97)","7.40 (1.10, 19.87)","6.67 (0.97, 18.37)","6.95 (0.98, 18.65)"
SYR,Syrian Arab Republic,35.60,"38.96 (5.93, 104.20)","35.62 (5.42, 93.63)","37.17 (5.62, 96.65)","7.44 (1.09, 20.37)","6.59 (0.93, 17.81)","7.08 (1.03, 18.91)"
TZA,Tanzania,36.93,"41.23 (6.00, 114.70)","36.36 (5.52, 97.34)","38.09 (5.31, 101.70)","7.58 (1.12, 20.32)","6.83 (1.02, 18.32)","7.35 (1.06, 19.50)"
YEM,"Yemen, Rep.",39.49,"43.71 (6.65, 117.40)","38.91 (5.59, 104.30)","41.53 (5.97, 111.70)","7.80 (1.19, 21.22)","7.07 (1.05, 18.36)","7.45 (1.13, 20.37)"
PAK,Pakistan,40.16,"44.33 (6.50, 117.00)","39.61 (5.63, 105.80)","42.17 (6.11, 111.20)","7.90 (1.15, 21.68)","7.14 (1.03, 19.34)","7.59 (1.09, 20.65)"
SLE,Sierra Leone,40.73,"45.26 (6.44, 123.20)","40.45 (5.95, 109.60)","43.13 (6.48, 114.60)","8.06 (1.10, 21.91)","7.20 (1.09, 19.28)","7.69 (1.20, 20.61)"
MWI,Malawi,41.09,"45.53 (6.87, 121.80)","40.93 (6.16, 110.60)","42.53 (6.19, 113.10)","8.15 (1.23, 22.08)","7.21 (1.10, 19.06)","7.62 (1.16, 20.22)"
TCD,Chad,41.62,"46.85 (7.28, 124.20)","41.48 (6.15, 111.40)","43.49 (6.10, 115.20)","8.06 (1.17, 22.31)","7.35 (1.09, 19.72)","7.64 (1.10, 21.39)"
LAO,Lao PDR,42.84,"47.85 (7.25, 127.70)","42.91 (6.15, 116.20)","45.20 (6.55, 119.60)","8.19 (1.22, 22.05)","7.41 (1.04, 19.67)","7.91 (1.22, 20.72)"
UGA,Uganda,45.73,"50.83 (7.56, 136.80)","45.73 (6.93, 123.00)","47.82 (6.44, 129.50)","8.47 (1.20, 23.15)","7.60 (1.07, 20.22)","8.06 (1.19, 22.10)"
CAF,Central African Republic,49.64,"55.17 (8.24, 147.20)","50.03 (7.09, 131.30)","52.82 (7.89, 140.00)","8.92 (1.35, 24.23)","8.02 (1.18, 21.73)","8.53 (1.31, 22.19)"
SSD,South Sudan,51.19,"56.85 (8.43, 154.50)","50.25 (6.94, 135.90)","54.63 (8.26, 149.60)","9.21 (1.27, 25.48)","8.15 (1.28, 22.39)","8.56 (1.31, 23.10)"
MOZ,Mozambique,51.25,"57.78 (8.14, 156.80)","50.63 (7.31, 139.60)","54.21 (9.09, 145.70)","9.19 (1.38, 25.45)","8.13 (1.14, 21.65)","8.53 (1.29, 22.91)"
COG,"Congo, Rep.",52.43,"58.41 (8.98, 157.00)","51.89 (7.86, 143.10)","54.39 (7.95, 144.10)","9.20 (1.37, 25.17)","8.25 (1.22, 22.27)","8.70 (1.26, 23.43)"
HTI,Haiti,54.18,"61.04 (8.64, 161.60)","54.71 (8.12, 152.20)","57.41 (8.80, 148.60)","9.31 (1.40, 25.87)","8.43 (1.24, 23.16)","8.94 (1.27, 23.50)"
TGO,Togo,55.95,"62.11 (9.45, 167.00)","56.04 (8.75, 150.10)","59.19 (9.54, 154.10)","9.73 (1.52, 26.36)","8.56 (1.17, 23.65)","9.03 (1.37, 24.39)"
GIN,Guinea,57.02,"63.12 (9.59, 175.40)","56.26 (8.32, 153.80)","60.12 (8.60, 163.70)","9.66 (1.34, 27.06)","8.58 (1.31, 23.09)","9.19 (1.34, 24.69)"
BFA,Burkina Faso,58.80,"64.00 (9.22, 171.20)","58.72 (8.61, 159.20)","62.13 (9.65, 167.10)","9.79 (1.39, 26.49)","8.81 (1.30, 23.29)","9.31 (1.41, 25.42)"
MMR,Myanmar,60.05,"67.92 (9.79, 185.40)","60.02 (8.78, 164.70)","63.25 (8.92, 171.50)","10.09 (1.50, 27.90)","8.83 (1.32, 23.96)","9.47 (1.45, 25.21)"
BGD,Bangladesh,63.29,"70.81 (10.30, 195.80)","63.02 (9.88, 168.40)","67.71 (9.52, 180.20)","10.14 (1.44, 28.53)","9.09 (1.39, 24.55)","9.80 (1.47, 26.51)"
SEN,Senegal,66.03,"75.97 (10.70, 201.90)","66.20 (9.34, 180.80)","70.54 (10.35, 190.20)","10.62 (1.60, 29.11)","9.31 (1.37, 24.75)","9.90 (1.48, 26.76)"
GNB,Guinea-Bissau,68.43,"77.02 (10.94, 208.20)","68.39 (9.85, 185.80)","72.10 (11.01, 191.30)","10.78 (1.56, 30.47)","9.46 (1.41, 25.54)","10.09 (1.41, 27.40)"
ZWE,Zimbabwe,73.21,"81.84 (11.75, 224.60)","72.42 (10.42, 195.20)","76.60 (11.57, 204.30)","11.09 (1.66, 30.08)","9.67 (1.47, 26.30)","10.51 (1.50, 28.61)"
CMR,Cameroon,74.57,"82.62 (12.53, 223.20)","73.81 (10.84, 200.40)","78.79 (12.44, 212.90)","11.23 (1.62, 30.86)","9.84 (1.41, 27.46)","10.71 (1.54, 28.72)"
ZMB,Zambia,78.80,"89.26 (13.49, 246.60)","78.98 (12.02, 214.20)","83.17 (12.23, 216.20)","11.48 (1.78, 31.24)","10.41 (1.53, 28.22)","10.87 (1.68, 29.20)"
RWA,Rwanda,79.60,"89.69 (12.64, 253.30)","78.97 (11.25, 215.70)","83.20 (12.94, 225.60)","11.70 (1.68, 32.82)","10.14 (1.59, 26.64)","10.94 (1.57, 29.20)"
TJK,Tajikistan,81.44,"91.67 (13.22, 245.70)","80.79 (12.42, 224.40)","85.10 (13.16, 226.20)","11.93 (1.75, 32.97)","10.49 (1.44, 28.54)","11.18 (1.69, 30.56)"
IND,India,82.38,"93.06 (12.76, 254.10)","82.63 (12.58, 221.30)","88.49 (13.56, 238.80)","11.89 (1.77, 33.20)","10.46 (1.64, 28.29)","11.18 (1.60, 29.74)"
AFG,Afghanistan,83.55,"93.57 (13.38, 260.70)","82.81 (12.95, 223.20)","89.15 (13.34, 241.90)","12.14 (1.74, 33.20)","10.48 (1.66, 28.09)","11.35 (1.56, 31.11)"
PNG,Papua New Guinea,84.03,"94.92 (13.26, 264.00)","82.29 (11.75, 225.50)","90.08 (12.55, 239.00)","11.95 (1.67, 33.18)","10.71 (1.57, 29.04)","11.33 (1.65, 30.97)"
DJI,Djibouti,84.75,"95.23 (13.93, 259.50)","85.30 (12.19, 230.20)","90.17 (13.39, 242.70)","11.90 (1.70, 33.32)","10.62 (1.59, 27.80)","11.38 (1.63, 30.28)"
GHA,Ghana,85.28,"95.25 (14.43, 263.80)","85.44 (12.89, 234.00)","90.50 (14.23, 240.60)","12.29 (1.87, 33.67)","10.65 (1.47, 28.84)","11.59 (1.64, 31.55)"
KGZ,Kyrgyz Republic,88.97,"100.40 (15.02, 273.90)","89.41 (13.34, 240.20)","94.18 (14.94, 254.40)","12.40 (1.79, 34.52)","11.00 (1.58, 29.15)","11.87 (1.67, 31.70)"
CIV,Cote d'Ivoire,89.25,"101.40 (15.77, 271.20)","88.36 (12.76, 236.40)","95.06 (14.82, 255.20)","12.62 (1.80, 34.71)","11.00 (1.47, 30.04)","11.68 (1.71, 31.76)"
NPL,Nepal,91.44,"104.50 (14.81, 291.10)","89.06 (12.89, 241.90)","97.50 (14.99, 263.10)","12.57 (1.72, 34.99)","10.99 (1.60, 29.52)","12.00 (1.72, 32.46)"
MRT,Mauritania,93.67,"106.70 (15.34, 295.60)","94.24 (13.91, 253.70)","100.80 (14.59, 267.30)","12.77 (1.84, 34.51)","11.15 (1.54, 30.64)","12.16 (1.82, 33.08)"
KEN,Kenya,93.69,"127.60 (9.70, 461.10)","99.50 (11.00, 347.00)","114.00 (10.33, 402.10)","17.04 (1.13, 74.64)","11.95 (1.25, 40.86)","14.61 (1.11, 55.42)"
NGA,Nigeria,94.19,"106.00 (16.73, 285.80)","91.93 (13.85, 248.00)","99.99 (14.51, 267.20)","12.85 (1.77, 35.49)","11.51 (1.63, 31.03)","11.90 (1.55, 32.62)"
SLB,Solomon Islands,100.20,"114.30 (16.56, 315.10)","98.98 (14.02, 261.00)","107.30 (15.51, 287.10)","13.29 (1.85, 36.93)","11.53 (1.66, 31.14)","12.65 (2.04, 33.53)"
LBR,Liberia,103.20,"117.50 (17.27, 320.00)","103.90 (15.24, 282.90)","110.50 (17.34, 304.30)","13.62 (1.81, 36.96)","11.78 (1.74, 31.65)","12.68 (1.92, 34.65)"
AGO,Angola,104.90,"118.20 (16.75, 325.80)","106.30 (15.61, 280.30)","110.70 (16.80, 302.80)","13.69 (2.07, 38.64)","11.90 (1.79, 31.90)","12.86 (1.98, 34.99)"
KHM,Cambodia,113.50,"131.00 (20.06, 349.20)","112.10 (15.86, 302.20)","121.60 (18.43, 329.50)","14.43 (2.09, 39.62)","12.49 (1.90, 33.48)","13.19 (2.02, 36.01)"
COM,Comoros,127.40,"146.20 (21.70, 394.70)","127.70 (17.20, 354.30)","136.80 (21.06, 359.00)","15.25 (2.18, 41.10)","13.27 (1.92, 36.12)","14.22 (1.95, 38.81)"
IDN,Indonesia,132.00,"153.90 (22.94, 424.80)","131.50 (18.49, 360.60)","140.00 (21.72, 368.40)","15.87 (2.32, 43.73)","13.37 (2.08, 36.43)","14.27 (2.03, 38.18)"
LSO,Lesotho,138.50,"161.00 (22.08, 442.80)","137.60 (20.27, 368.50)","145.20 (20.92, 401.40)","15.94 (2.38, 45.62)","13.68 (1.86, 37.49)","14.96 (2.12, 41.51)"
VUT,Vanuatu,140.30,"162.00 (23.02, 452.30)","137.90 (20.00, 372.10)","150.70 (21.72, 409.00)","16.40 (2.39, 46.20)","13.69 (2.05, 37.58)","14.97 (2.22, 41.00)"
LKA,Sri Lanka,150.80,"173.90 (25.99, 486.60)","150.60 (22.28, 408.00)","164.00 (25.70, 440.00)","16.53 (2.38, 45.36)","14.76 (2.13, 39.57)","15.45 (2.31, 41.48)"
BTN,Bhutan,160.00,"184.70 (26.52, 516.10)","160.20 (22.96, 431.80)","174.20 (27.55, 466.50)","17.68 (2.38, 49.58)","14.98 (2.08, 41.34)","16.18 (2.39, 43.84)"
UZB,Uzbekistan,175.50,"204.20 (30.07, 558.00)","173.30 (25.30, 462.50)","190.10 (29.63, 509.70)","18.40 (2.50, 49.82)","15.91 (2.22, 42.98)","17.06 (2.55, 45.71)"
EGY,"Egypt, Arab Rep.",177.10,"204.10 (28.76, 576.10)","176.70 (25.16, 481.70)","186.70 (28.52, 503.30)","18.43 (2.59, 52.25)","15.77 (2.20, 43.35)","16.96 (2.56, 47.39)"
TLS,Timor-Leste,181.20,"210.20 (29.69, 589.30)","179.20 (25.89, 484.50)","198.10 (30.62, 527.80)","19.04 (2.71, 54.29)","16.24 (2.52, 44.66)","17.38 (2.52, 46.64)"
DZA,Algeria,186.20,"215.80 (32.83, 599.60)","184.30 (28.04, 503.40)","198.90 (32.56, 533.50)","19.12 (2.59, 53.47)","16.16 (2.20, 44.63)","17.66 (2.37, 48.97)"
STP,Sao Tome and Principe,186.80,"217.00 (31.76, 610.00)","188.20 (27.48, 511.30)","198.30 (28.76, 551.90)","19.04 (2.57, 53.48)","16.20 (2.24, 43.52)","17.73 (2.47, 49.22)"
PHL,Philippines,189.50,"221.60 (30.51, 619.80)","187.30 (25.87, 520.50)","204.50 (31.14, 552.70)","19.04 (2.70, 54.42)","16.37 (2.43, 44.42)","17.72 (2.44, 48.93)"
VNM,Viet Nam,195.70,"305.20 (24.56, 1157)","180.30 (18.56, 644.50)","249.70 (28.92, 834.40)","30.42 (1.80, 139.20)","17.35 (1.37, 64.60)","25.92 (2.24, 99.78)"
GNQ,Equatorial Guinea,196.90,"227.60 (31.61, 639.60)","197.40 (27.05, 542.60)","213.60 (31.67, 583.50)","19.45 (2.88, 55.32)","16.69 (2.25, 46.17)","18.10 (2.48, 49.42)"
MAR,Morocco,206.40,"242.00 (34.71, 683.40)","206.90 (28.76, 557.80)","224.60 (32.66, 584.80)","19.98 (2.87, 56.79)","17.15 (2.53, 47.75)","18.75 (2.56, 51.80)"
NIC,Nicaragua,216.00,"251.80 (37.18, 708.70)","215.20 (30.30, 593.00)","235.40 (36.72, 617.50)","20.56 (2.89, 58.97)","17.51 (2.35, 46.92)","19.16 (2.90, 52.73)"
VEN,"Venezuela, RB",216.10,"253.20 (38.22, 690.90)","216.20 (30.23, 591.30)","234.40 (33.77, 630.80)","20.79 (2.93, 59.82)","17.34 (2.62, 48.19)","19.07 (2.71, 52.42)"
FJI,Fiji,225.00,"257.20 (34.96, 703.80)","226.00 (32.42, 629.10)","241.50 (35.57, 645.10)","21.05 (2.89, 58.89)","17.96 (2.53, 49.74)","19.73 (2.82, 53.40)"
KIR,Kiribati,225.50,"260.40 (36.68, 737.20)","225.80 (32.92, 612.10)","241.90 (35.70, 643.10)","21.69 (3.03, 60.87)","18.12 (2.85, 48.86)","19.64 (2.88, 55.11)"
WSM,Samoa,244.70,"285.70 (40.97, 792.30)","244.40 (36.29, 666.00)","264.20 (35.84, 709.10)","22.21 (3.06, 61.40)","18.73 (2.84, 52.31)","20.58 (3.05, 56.65)"
IRN,"Iran, Islamic Rep.",246.40,"291.30 (41.56, 812.00)","244.20 (34.91, 665.70)","264.30 (39.05, 708.90)","22.16 (3.03, 62.85)","18.66 (2.79, 51.90)","20.39 (2.90, 55.83)"
GAB,Gabon,256.00,"299.20 (41.16, 827.90)","251.40 (35.92, 698.40)","277.70 (42.32, 744.50)","22.83 (3.36, 65.69)","19.24 (2.65, 53.74)","21.27 (3.01, 58.75)"
HND,Honduras,260.10,"309.60 (44.00, 873.60)","263.00 (39.96, 719.00)","280.20 (44.30, 761.20)","22.67 (3.13, 63.40)","19.41 (2.76, 53.19)","21.49 (3.24, 58.30)"
IRQ,Iraq,263.80,"312.00 (39.56, 848.30)","263.80 (37.50, 712.50)","285.60 (41.02, 773.40)","23.11 (3.36, 65.22)","19.79 (2.97, 54.55)","21.59 (2.98, 60.52)"
TUN,Tunisia,275.40,"324.30 (50.00, 935.00)","275.30 (40.89, 777.70)","296.10 (43.75, 805.40)","23.84 (3.50, 67.15)","19.96 (2.85, 56.36)","21.70 (3.18, 58.49)"
LBY,Libya,288.40,"339.60 (45.98, 966.80)","287.80 (45.19, 785.80)","310.20 (46.10, 837.50)","24.33 (3.45, 70.13)","20.69 (2.91, 56.44)","22.49 (3.09, 60.92)"
SWZ,Eswatini,294.10,"343.10 (48.59, 982.10)","293.70 (40.15, 821.40)","317.70 (44.66, 854.20)","24.59 (3.56, 69.40)","20.42 (2.90, 56.39)","22.46 (3.31, 61.78)"
CPV,Cabo Verde,296.30,"352.70 (48.83, 1003)","299.50 (44.21, 822.60)","320.20 (47.72, 876.90)","24.81 (3.63, 69.57)","20.73 (3.05, 58.01)","22.61 (3.23, 62.81)"
JOR,Jordan,305.80,"356.10 (51.23, 986.00)","306.90 (45.36, 825.30)","333.40 (49.77, 892.00)","24.58 (3.19, 70.96)","21.40 (3.01, 59.66)","23.17 (3.17, 64.13)"
BLZ,Belize,308.10,"362.00 (48.76, 1022)","306.10 (43.13, 831.70)","331.80 (49.52, 889.10)","25.00 (3.44, 71.86)","21.14 (2.93, 60.16)","23.30 (3.15, 66.27)"
AZE,Azerbaijan,315.10,"376.20 (52.08, 1108)","313.50 (41.29, 884.80)","344.20 (53.58, 925.40)","25.24 (3.19, 71.58)","21.18 (2.85, 58.89)","23.75 (3.36, 65.43)"
BOL,Bolivia,318.20,"376.00 (53.14, 1064)","318.10 (45.97, 884.60)","346.80 (51.29, 934.90)","25.57 (3.56, 71.52)","21.49 (3.19, 59.51)","23.31 (3.15, 66.31)"
SUR,Suriname,356.20,"419.70 (59.98, 1162)","357.30 (51.20, 967.40)","391.60 (59.83, 1054)","27.35 (4.01, 77.09)","22.94 (3.39, 64.97)","24.46 (3.51, 67.46)"
PSE,West Bank and Gaza,363.30,"430.50 (62.28, 1190)","360.60 (49.40, 989.20)","393.20 (55.73, 1074)","27.30 (3.80, 77.93)","23.02 (3.12, 63.67)","25.44 (3.60, 70.65)"
THA,Thailand,383.30,"565.40 (71.32, 1691)","371.90 (53.78, 1037)","492.20 (61.76, 1499)","42.64 (4.92, 151.10)","27.19 (3.69, 80.54)","36.78 (4.05, 121.80)"
TON,Tonga,391.90,"464.90 (66.90, 1311)","387.40 (54.11, 1080)","422.50 (61.99, 1134)","28.91 (3.79, 84.33)","24.22 (3.48, 68.36)","26.17 (3.85, 72.52)"
TUR,Turkiye,399.80,"476.70 (68.91, 1326)","401.30 (58.47, 1084)","436.30 (63.21, 1210)","29.18 (3.94, 84.22)","24.39 (3.25, 68.66)","26.92 (3.78, 72.42)"
LBN,Lebanon,406.50,"491.40 (71.45, 1369)","409.90 (58.94, 1132)","444.80 (69.68, 1172)","29.56 (3.99, 85.69)","24.98 (3.48, 70.60)","27.05 (4.09, 74.92)"
GTM,Guatemala,410.30,"488.80 (69.39, 1364)","408.10 (57.93, 1144)","445.70 (67.22, 1235)","29.69 (4.01, 85.96)","24.86 (3.64, 67.44)","27.08 (3.76, 75.53)"
FSM,"Micronesia, Fed. Sts.",411.00,"488.40 (66.71, 1368)","414.00 (59.16, 1146)","449.60 (65.35, 1208)","29.49 (3.97, 84.59)","24.48 (3.49, 67.56)","27.24 (4.02, 75.44)"
MDA,Moldova,412.50,"489.80 (71.23, 1375)","417.10 (56.75, 1179)","446.60 (63.95, 1206)","29.82 (3.97, 85.56)","25.01 (3.48, 69.69)","27.52 (4.12, 75.27)"
NAM,Namibia,420.20,"504.70 (71.15, 1438)","416.40 (57.13, 1143)","452.80 (68.01, 1201)","30.25 (3.89, 88.32)","25.33 (3.55, 69.83)","27.82 (3.79, 76.17)"
ALB,Albania,429.30,"511.00 (67.01, 1463)","433.00 (63.56, 1205)","471.70 (69.08, 1321)","30.56 (4.30, 87.15)","25.22 (3.56, 70.42)","28.05 (4.22, 79.44)"
KAZ,Kazakhstan,436.10,"444.60 (34.78, 1794)","434.70 (24.22, 2028)","350.20 (38.80, 1167)","25.77 (2.02, 103.60)","23.71 (1.38, 104.90)","19.94 (2.12, 71.62)"
VCT,St. Vincent and the Grenadines,450.50,"535.30 (75.86, 1495)","450.10 (68.18, 1261)","497.60 (71.24, 1368)","31.37 (4.00, 92.14)","26.26 (3.52, 73.28)","28.84 (4.05, 79.90)"
PER,Peru,461.90,"542.50 (69.81, 1545)","460.10 (63.43, 1277)","500.10 (69.54, 1322)","32.57 (4.46, 97.48)","26.57 (3.74, 72.52)","29.14 (4.31, 80.91)"
MNG,Mongolia,464.40,"564.70 (74.92, 1602)","456.60 (61.81, 1317)","500.10 (70.68, 1353)","32.02 (4.23, 93.40)","26.16 (3.79, 71.19)","28.80 (4.08, 79.70)"
MYS,Malaysia,474.70,"573.10 (78.47, 1626)","470.40 (70.11, 1296)","518.50 (75.71, 1414)","32.48 (4.53, 93.73)","26.62 (3.52, 77.52)","29.68 (4.33, 83.18)"
DOM,Dominican Republic,478.90,"573.90 (78.20, 1640)","476.70 (68.22, 1340)","521.20 (69.74, 1452)","31.90 (4.26, 92.39)","26.64 (3.73, 75.89)","29.32 (4.68, 81.10)"
JAM,Jamaica,485.20,"590.10 (82.76, 1674)","492.00 (72.53, 1348)","530.30 (78.59, 1419)","32.57 (4.19, 92.52)","27.35 (3.82, 76.04)","30.29 (4.24, 84.18)"
GEO,Georgia,494.90,"588.10 (80.57, 1649)","491.00 (70.18, 1374)","537.80 (77.40, 1473)","33.18 (4.80, 95.71)","27.15 (3.95, 77.04)","30.16 (4.36, 84.51)"
BWA,Botswana,495.00,"595.00 (85.07, 1645)","491.50 (68.38, 1378)","535.10 (79.35, 1456)","32.93 (4.37, 95.38)","27.51 (4.00, 78.92)","29.74 (4.26, 83.29)"
PRY,Paraguay,497.50,"605.30 (86.64, 1669)","495.10 (68.09, 1381)","540.00 (79.45, 1481)","32.99 (4.49, 95.64)","27.75 (3.89, 76.60)","30.27 (4.23, 81.47)"
ECU,Ecuador,510.60,"611.50 (88.50, 1750)","510.00 (77.52, 1431)","561.60 (78.73, 1516)","33.37 (4.39, 96.42)","27.86 (3.83, 76.91)","30.38 (4.34, 84.57)"
SLV,El Salvador,519.30,"596.30 (40.97, 2397)","363.90 (32.00, 1392)","520.00 (40.01, 1945)","40.42 (1.82, 176.50)","21.76 (1.51, 89.59)","35.50 (1.94, 154.90)"
COL,Colombia,523.70,"4263 (207.60, 14810)","1763 (240.00, 5221)","2917 (386.40, 8805)","289.80 (13.07, 1045)","114.90 (15.82, 353.60)","200.50 (24.00, 646.40)"
GRD,Grenada,540.00,"643.70 (88.28, 1829)","547.40 (74.83, 1540)","586.80 (86.15, 1572)","34.63 (4.59, 100.60)","28.52 (3.95, 79.42)","31.89 (4.53, 88.76)"
BLR,Belarus,548.10,"665.50 (99.34, 1929)","545.20 (79.99, 1541)","593.30 (86.16, 1594)","35.49 (4.80, 104.00)","28.96 (4.35, 80.40)","31.55 (4.62, 89.43)"
GUY,Guyana,550.80,"665.40 (92.68, 1859)","552.70 (79.86, 1579)","595.50 (88.06, 1608)","34.45 (4.59, 103.70)","28.60 (4.09, 80.40)","31.75 (4.47, 86.78)"
MKD,North Macedonia,581.90,"706.20 (94.50, 1982)","583.70 (76.69, 1625)","622.50 (96.37, 1674)","35.83 (4.70, 103.50)","29.77 (3.96, 83.43)","32.88 (4.87, 91.66)"
ZAF,South Africa,590.30,"902.00 (82.69, 3139)","757.20 (88.27, 2482)","797.80 (101.00, 2491)","47.30 (3.48, 185.20)","36.54 (4.26, 117.80)","40.48 (4.67, 130.60)"
DMA,Dominica,595.10,"725.90 (96.27, 2031)","582.40 (80.33, 1655)","648.10 (91.43, 1761)","36.96 (5.01, 106.20)","30.10 (4.41, 82.98)","33.32 (4.66, 92.91)"
TKM,Turkmenistan,600.00,"726.90 (98.22, 2059)","595.20 (85.42, 1664)","650.40 (96.59, 1744)","36.45 (4.92, 104.30)","30.06 (4.31, 86.17)","33.64 (4.57, 94.32)"
MUS,Mauritius,612.20,"737.90 (102.80, 2055)","617.70 (81.34, 1731)","676.40 (95.37, 1853)","37.11 (5.10, 107.70)","30.97 (4.55, 86.36)","34.09 (4.60, 93.91)"
LCA,St. Lucia,668.00,"810.20 (113.80, 2281)","672.80 (96.14, 1917)","732.00 (112.10, 1951)","39.44 (5.47, 114.10)","32.41 (4.46, 90.24)","35.80 (5.28, 101.70)"
MEX,Mexico,674.40,"4390 (176.60, 19490)","6798 (725.90, 23320)","2590 (306.80, 8327)","236.60 (3.89, 1159)","330.30 (19.71, 1388)","139.70 (7.11, 615.00)"
BRN,Brunei Darussalam,689.80,"838.60 (118.20, 2367)","694.80 (96.19, 1978)","743.50 (107.60, 2034)","40.23 (5.45, 116.80)","32.37 (4.25, 91.51)","36.24 (5.19, 100.30)"
BIH,Bosnia and Herzegovina,691.30,"836.40 (112.80, 2351)","704.00 (102.20, 1987)","766.50 (112.70, 2063)","39.92 (5.53, 112.60)","32.63 (4.56, 89.90)","35.96 (5.21, 102.30)"
CHN,China,696.60,"1440 (185.20, 4688)","1056 (148.30, 3086)","1164 (161.20, 3293)","100.80 (11.74, 332.40)","71.52 (9.40, 196.00)","81.70 (11.21, 239.30)"
ARM,Armenia,699.10,"852.60 (117.10, 2458)","699.30 (98.69, 1921)","768.00 (115.10, 2106)","40.21 (5.54, 113.00)","33.17 (4.61, 94.44)","36.83 (4.93, 104.10)"
SYC,Seychelles,719.80,"867.50 (122.70, 2501)","710.70 (102.20, 1975)","795.20 (114.90, 2154)","41.25 (5.68, 120.10)","33.68 (4.66, 92.87)","36.85 (5.26, 102.50)"
OMN,Oman,732.40,"883.00 (124.00, 2564)","735.80 (102.70, 1994)","800.70 (119.90, 2152)","41.35 (5.42, 122.80)","34.02 (4.81, 96.67)","37.03 (5.12, 103.80)"
MHL,Marshall Islands,785.70,"956.70 (130.20, 2734)","781.20 (109.40, 2202)","877.40 (124.80, 2348)","42.48 (5.87, 125.90)","35.07 (4.69, 100.80)","38.64 (5.66, 111.70)"
BRA,Brazil,879.10,"559.70 (35.24, 2405)","848.10 (32.44, 4063)","671.00 (48.91, 2771)","18.43 (1.21, 83.06)","25.51 (1.04, 120.90)","22.68 (1.32, 100.50)"
ROU,Romania,934.70,"1402 (89.79, 5735)","1306 (79.10, 5827)","1121 (142.40, 3542)","57.93 (3.00, 238.40)","48.82 (2.95, 197.60)","45.44 (4.84, 155.10)"
SRB,Serbia,935.60,"1139 (156.20, 3330)","945.80 (134.90, 2688)","1034 (149.90, 2727)","47.95 (6.21, 140.50)","38.46 (5.04, 107.90)","43.03 (5.99, 119.40)"
CRI,Costa Rica,1014,"1234 (166.10, 3510)","1015 (139.40, 2885)","1134 (157.40, 3131)","49.57 (6.75, 145.90)","40.63 (5.89, 114.30)","44.72 (6.30, 126.70)"
BGR,Bulgaria,1047,"1287 (181.20, 3695)","1047 (142.70, 2869)","1157 (171.30, 3162)","51.09 (7.03, 151.20)","41.08 (5.89, 115.10)","45.19 (6.16, 125.30)"
RUS,Russian Federation,1117,"1382 (184.60, 3876)","1123 (154.50, 3160)","1237 (173.60, 3451)","52.00 (7.13, 150.50)","42.38 (5.97, 120.80)","46.92 (6.63, 132.10)"
TUV,Tuvalu,1124,"1368 (190.00, 4007)","1137 (152.30, 3227)","1249 (186.60, 3419)","53.11 (7.00, 153.10)","42.92 (6.30, 119.90)","47.98 (6.99, 134.50)"
ATG,Antigua and Barbuda,1124,"1390 (194.90, 4051)","1129 (170.70, 3145)","1234 (178.80, 3401)","52.58 (7.11, 156.10)","42.43 (6.02, 118.80)","47.60 (6.51, 132.60)"
MNE,Montenegro,1147,"1385 (190.70, 3953)","1148 (173.10, 3303)","1273 (200.20, 3471)","53.45 (7.31, 156.90)","43.16 (5.82, 121.20)","47.20 (6.47, 134.00)"
BHR,Bahrain,1151,"1450 (184.10, 4244)","1148 (171.00, 3227)","1276 (175.10, 3486)","53.36 (7.42, 160.00)","43.10 (5.68, 124.60)","47.49 (6.64, 134.20)"
MDV,Maldives,1192,"1470 (203.10, 4231)","1187 (160.70, 3391)","1307 (191.30, 3539)","54.29 (7.35, 161.20)","43.55 (5.73, 125.20)","48.85 (7.03, 137.80)"
KNA,St. Kitts and Nevis,1202,"1478 (194.30, 4271)","1185 (152.80, 3337)","1344 (197.90, 3660)","54.77 (7.31, 163.10)","44.56 (6.05, 126.70)","49.30 (6.94, 140.90)"
POL,Poland,1236,"1507 (127.80, 5598)","1605 (95.76, 6957)","1158 (152.10, 3405)","43.60 (3.36, 170.60)","43.23 (2.88, 180.00)","35.17 (4.33, 114.60)"
HUN,Hungary,1268,"1569 (213.80, 4567)","1276 (172.20, 3623)","1387 (202.00, 3806)","55.65 (7.45, 164.50)","45.54 (6.17, 130.00)","50.30 (6.99, 141.90)"
TTO,Trinidad and Tobago,1339,"1661 (220.60, 4597)","1341 (186.80, 3842)","1467 (229.70, 3934)","57.60 (7.45, 163.40)","46.72 (6.72, 131.10)","52.92 (7.54, 146.10)"
BRB,Barbados,1349,"1688 (228.50, 4954)","1347 (180.50, 3938)","1470 (222.50, 4032)","58.58 (7.73, 174.00)","47.37 (6.58, 135.20)","51.68 (7.32, 144.90)"
HRV,Croatia,1393,"1702 (232.00, 5006)","1387 (192.60, 3902)","1559 (213.10, 4387)","60.13 (8.13, 174.20)","48.28 (6.42, 138.40)","53.52 (7.04, 155.30)"
ARG,Argentina,1420,"2603 (181.10, 10730)","2219 (244.60, 7443)","2167 (198.60, 7705)","87.38 (4.16, 390.40)","68.10 (7.50, 234.10)","75.21 (4.95, 302.20)"
PAN,Panama,1525,"1937 (131.20, 8228)","1084 (97.91, 4188)","1630 (130.20, 6363)","77.14 (3.38, 375.70)","39.72 (2.87, 164.60)","64.12 (3.32, 288.70)"
CHL,Chile,1603,"2001 (262.50, 5772)","1596 (214.00, 4590)","1788 (248.30, 4838)","64.92 (8.63, 199.90)","51.26 (7.40, 145.10)","57.63 (7.65, 165.70)"
SAU,Saudi Arabia,1651,"2046 (260.00, 5965)","1658 (228.00, 4732)","1859 (278.80, 5072)","65.00 (8.21, 190.90)","52.27 (6.73, 150.50)","58.67 (7.36, 167.10)"
SVK,Slovak Republic,1701,"2152 (280.80, 6383)","1702 (243.80, 4770)","1910 (277.30, 5237)","67.03 (9.22, 198.00)","53.43 (7.23, 154.10)","60.07 (8.60, 169.10)"
LVA,Latvia,1702,"2134 (291.90, 6227)","1701 (229.40, 4872)","1876 (267.90, 5147)","67.06 (8.87, 199.40)","53.23 (7.25, 148.20)","60.76 (8.45, 173.70)"
KWT,Kuwait,1762,"2228 (307.00, 6355)","1765 (248.00, 5032)","1944 (284.30, 5229)","67.80 (8.82, 204.30)","54.51 (7.85, 157.10)","61.19 (8.76, 175.70)"
GRC,Greece,1832,"2294 (311.10, 6857)","1828 (250.50, 5259)","2027 (272.70, 5547)","69.85 (9.40, 203.00)","55.76 (7.59, 158.00)","62.38 (8.77, 181.10)"
QAT,Qatar,1846,"2272 (311.80, 6530)","1858 (245.30, 5309)","2075 (312.00, 5687)","70.71 (9.89, 208.00)","55.71 (7.68, 159.30)","62.21 (8.43, 176.70)"
LTU,Lithuania,1896,"2357 (297.60, 6798)","1916 (264.00, 5565)","2099 (302.70, 5741)","71.00 (9.33, 207.00)","56.00 (7.33, 163.70)","63.23 (8.89, 177.40)"
URY,Uruguay,1917,"2362 (308.80, 6989)","1936 (260.90, 5677)","2140 (292.50, 5777)","70.94 (8.88, 208.20)","57.35 (7.76, 171.10)","63.60 (8.58, 179.50)"
PLW,Palau,2050,"2571 (352.40, 7571)","2071 (272.60, 6061)","2304 (319.70, 6397)","75.27 (9.87, 227.80)","59.41 (7.60, 171.40)","66.88 (8.80, 184.00)"
EST,Estonia,2071,"2583 (352.60, 7466)","2118 (290.70, 6078)","2295 (330.90, 6489)","74.35 (9.67, 221.40)","59.01 (8.55, 170.50)","65.54 (8.62, 184.10)"
NRU,Nauru,2346,"2923 (396.20, 8589)","2326 (318.50, 6705)","2640 (400.20, 7152)","80.94 (10.95, 244.80)","63.36 (8.29, 190.40)","71.07 (9.55, 201.70)"
ARE,United Arab Emirates,2398,"3030 (409.90, 8969)","2381 (323.60, 6964)","2666 (348.60, 7466)","80.67 (10.83, 242.50)","63.77 (8.75, 183.80)","72.57 (9.42, 207.30)"
BHS,"Bahamas, The",2426,"3081 (386.80, 8974)","2444 (313.60, 6975)","2681 (406.10, 7156)","81.98 (10.88, 249.90)","63.92 (8.28, 184.90)","72.80 (10.26, 208.00)"
CZE,Czechia,2519,"3247 (433.40, 9540)","2528 (343.20, 7248)","2813 (387.90, 7662)","82.56 (10.48, 244.70)","66.27 (8.76, 201.40)","73.93 (10.58, 212.40)"
PRT,Portugal,2674,"3449 (459.20, 9981)","2644 (361.30, 7563)","2964 (421.00, 8042)","86.51 (11.39, 260.00)","68.88 (9.01, 200.70)","77.77 (10.23, 215.60)"
SVN,Slovenia,2836,"3557 (471.60, 10580)","2862 (388.70, 8063)","3179 (465.50, 8461)","90.62 (11.82, 279.00)","69.99 (9.50, 208.60)","78.38 (11.12, 222.30)"
CYP,Cyprus,2967,"3804 (509.10, 10960)","3026 (417.60, 8569)","3315 (501.10, 9001)","91.13 (12.07, 269.10)","70.96 (9.38, 208.40)","81.41 (11.23, 230.10)"
ESP,Spain,3016,"6847 (552.20, 25750)","4177 (536.20, 13010)","4984 (649.10, 14880)","162.20 (10.70, 650.20)","95.95 (11.87, 302.60)","121.40 (12.14, 404.00)"
KOR,"Korea, Rep.",3159,"4003 (523.70, 11810)","3169 (451.90, 9146)","3495 (514.70, 9506)","94.81 (12.70, 291.70)","75.63 (10.44, 219.30)","84.66 (11.59, 240.30)"
ITA,Italy,3247,"5684 (475.20, 21540)","3667 (497.50, 10990)","4800 (472.60, 16190)","166.30 (10.40, 697.50)","103.00 (13.59, 309.30)","142.10 (12.11, 536.70)"
AND,Andorra,3307,"4215 (540.10, 12470)","3355 (438.80, 9871)","3708 (498.20, 10490)","97.30 (12.82, 293.40)","74.26 (10.37, 210.70)","86.59 (11.89, 248.80)"
MLT,Malta,3473,"4387 (580.90, 13060)","3485 (480.30, 10030)","3885 (538.80, 10650)","101.20 (12.71, 313.60)","78.33 (10.80, 235.20)","88.49 (12.65, 259.00)"
SMR,San Marino,4014,"5163 (727.40, 15670)","4045 (536.40, 11710)","4553 (641.90, 12520)","110.70 (13.27, 328.40)","85.44 (11.80, 252.40)","95.53 (13.07, 274.40)"
JPN,Japan,4029,"5739 (649.30, 18840)","4581 (357.50, 18440)","4808 (641.00, 14300)","134.70 (16.18, 453.50)","112.60 (8.71, 448.10)","117.50 (15.34, 347.50)"
ISR,Israel,4376,"5613 (758.80, 16380)","4414 (582.90, 12660)","4954 (731.40, 13650)","113.70 (14.28, 350.60)","88.57 (11.16, 255.50)","99.97 (13.65, 282.90)"
SGP,Singapore,4476,"5795 (750.10, 17190)","4538 (591.10, 13510)","5114 (736.50, 13980)","114.70 (14.84, 355.20)","88.95 (11.41, 261.10)","101.10 (13.80, 293.00)"
NZL,New Zealand,4977,"5431 (397.00, 20810)","6689 (330.00, 27360)","3909 (489.20, 11990)","78.65 (5.04, 327.40)","78.22 (4.38, 308.50)","55.21 (6.13, 181.70)"
FRA,France,5040,"6661 (873.50, 20200)","5023 (681.00, 14260)","5658 (748.80, 15870)","124.30 (15.70, 389.30)","94.96 (11.81, 273.80)","108.40 (14.10, 325.20)"
FIN,Finland,5078,"6072 (352.60, 24240)","3226 (341.50, 10760)","5109 (406.60, 19260)","149.20 (5.52, 696.80)","69.36 (6.10, 260.70)","123.20 (6.94, 572.40)"
GBR,United Kingdom,5217,"7408 (667.40, 26440)","6798 (837.50, 20560)","5568 (787.90, 15680)","137.80 (11.33, 513.10)","122.20 (17.03, 364.90)","102.20 (13.15, 325.60)"
BEL,Belgium,5599,"9538 (1203, 30250)","9005 (494.70, 38340)","8510 (860.10, 29820)","195.90 (15.71, 773.00)","169.40 (8.52, 793.50)","179.80 (11.18, 744.10)"
NLD,Netherlands,6005,"8358 (896.70, 30050)","7766 (452.30, 32770)","6815 (794.10, 22550)","146.30 (15.27, 533.50)","132.90 (8.85, 512.10)","128.50 (11.98, 473.60)"
AUT,Austria,6063,"7573 (492.10, 29700)","7292 (373.10, 32080)","5477 (626.90, 17940)","115.70 (6.98, 490.90)","101.30 (6.08, 450.30)","86.08 (9.43, 310.70)"
SWE,Sweden,6157,"8072 (1001, 25370)","6250 (828.30, 18130)","7004 (986.80, 19470)","140.30 (17.31, 432.80)","107.10 (13.67, 316.20)","122.90 (16.32, 366.90)"
DEU,Germany,6405,"3466 (303.80, 12290)","3512 (478.50, 10710)","4173 (602.70, 11890)","51.33 (5.23, 186.90)","54.17 (7.73, 156.50)","65.77 (7.91, 198.80)"
CAN,Canada,6480,"9968 (1172, 33440)","8248 (498.40, 36020)","6482 (772.40, 20620)","187.20 (13.98, 730.20)","139.40 (7.88, 620.70)","126.20 (9.62, 470.80)"
IRL,Ireland,6680,"8824 (1125, 26930)","6735 (901.20, 19470)","7723 (1118, 21620)","146.10 (18.07, 456.40)","111.50 (12.97, 341.80)","128.50 (17.40, 371.10)"
DNK,Denmark,6688,"8850 (1162, 27200)","6614 (864.50, 20000)","7601 (995.60, 20660)","146.90 (16.22, 452.50)","110.80 (14.59, 325.40)","127.20 (17.34, 359.80)"
AUS,Australia,6973,"8646 (654.80, 32950)","8067 (437.50, 36840)","6143 (699.80, 19970)","131.70 (8.60, 564.60)","105.30 (6.56, 446.50)","90.62 (9.28, 315.00)"
ISL,Iceland,7098,"9365 (1190, 27670)","7160 (960.90, 21230)","8166 (1143, 22540)","152.60 (19.29, 475.40)","114.90 (15.56, 334.00)","131.30 (17.66, 373.90)"
LUX,Luxembourg,7275,"9624 (1233, 28510)","7590 (1001, 21810)","8189 (1171, 22780)","153.60 (18.74, 476.80)","115.90 (15.95, 348.90)","132.70 (17.91, 403.30)"
MCO,Monaco,7931,"10430 (1313, 32030)","8023 (1025, 23220)","9124 (1270, 25590)","162.50 (19.70, 512.90)","122.80 (15.28, 361.00)","141.70 (18.46, 419.70)"
NOR,Norway,9005,"11990 (1475, 36560)","9109 (1166, 26880)","10400 (1455, 29400)","170.90 (20.84, 528.80)","129.80 (16.33, 389.80)","149.10 (19.48, 433.10)"
CHE,Switzerland,11360,"15610 (1983, 46700)","11400 (1355, 34330)","13020 (1833, 35960)","196.40 (25.93, 614.50)","150.10 (18.10, 460.40)","172.20 (22.24, 524.50)"
USA,United States,12880,"28820 (3904, 81180)","10460 (1210, 34700)","20050 (2910, 56660)","541.10 (76.97, 1515)","196.20 (23.07, 660.40)","376.60 (52.25, 1091)"
